cell,easting_mean,northing_mean,cluster,years_available,log_traffic_mean,log_traffic_max,traffic_year_cv,point_cv_mean,log_link_length_km,log_count_points,road_category_n,year_coverage_frac,traffic_trend_pct_per_year
4264,243000.0,539000.0,0,10,6.2007119932300805,6.259581464064923,0.03449199099984384,0.0,1.252762968495368,0.6931471805599453,1,1.0,0.008485587432955622
4341,211735.0,543600.0,0,10,6.985132900003482,7.256297239690681,0.0401845285524696,0.32363096596224195,2.8678989020441064,1.0986122886681098,1,1.0,-0.0031918611750935666
4343,233400.0,543650.0,0,10,6.695922518813794,6.902742737158593,0.03067829160390587,0.20533662358840923,3.1179499062782403,1.0986122886681098,1,1.0,0.005849861065799588
4344,243510.5,545000.0,0,10,7.136363869727405,7.324489979348532,0.03619666437810953,0.17368984601642543,2.23001440015921,1.0986122886681098,1,1.0,0.006604243654846617
4420,205991.25,556509.375,0,10,8.09371048689589,8.815518423966498,0.04677873297046092,0.5490624429088565,3.00071981506503,2.1972245773362196,1,1.0,0.012258245589668877
4421,211700.0,559200.0,0,10,8.680518795464593,8.835355971121606,0.07260030755615736,0.0,2.2407096892759584,0.6931471805599453,1,1.0,0.02072370808885625
4422,221800.0,554455.0,0,10,7.872474204760486,8.39660622842712,0.03438706581000927,0.8320361111742989,2.8094026953624978,1.0986122886681098,2,1.0,0.008626321544489097
4423,235980.4,557842.6,0,10,6.0335657231266175,6.226536669287466,0.15752567088493302,0.0,0.0,0.6931471805599453,1,1.0,-0.031103927307675576
4424,244225.0,553592.5,0,10,7.886936299404506,8.520587424484253,0.04481628390312268,0.5012105244521161,3.3775875160230218,1.6094379124341003,2,1.0,0.01089874043627394
4425,255000.0,552950.0,0,10,8.572097956585523,8.643473357326567,0.03306856935916368,0.0,2.2925347571405443,0.6931471805599453,1,1.0,0.0014207055788515032
4426,266821.3333333333,554078.3333333334,0,10,8.000122179826564,8.857230494201946,0.04003730226026339,0.7944624191086349,3.6000482404073204,2.302585092994046,3,1.0,0.010572829164405433
4427,270100.0,556550.0,0,10,8.500718221322359,8.861491864286915,0.050212911581167634,0.4263109875760172,2.322387720290225,1.0986122886681098,2,1.0,0.014868962950226834
4428,282155.0,554600.0,0,10,7.444541004417659,7.827639546366422,0.025031578880189077,0.5546708311746025,3.5380565643793527,1.0986122886681098,1,1.0,0.0017442633412214558
4500,206299.315,562077.33375,0,10,8.33243506860476,8.992681750892542,0.028227994465193612,0.49500465565854934,3.4531571205928664,2.8154087194227095,3,1.0,0.0020329018330072835
4503,235220.33333333334,563797.0,0,10,8.036012666060294,8.435332164935916,0.04016406739504791,0.5599060839005583,3.3141860046725258,1.3862943611198906,2,1.0,0.009118570848430884
4504,241733.33333333334,563366.6666666666,0,10,8.599233901752447,9.026056891868688,0.07673380240308168,0.3732297600657107,2.517696472610991,1.3862943611198906,2,1.0,0.02402240408321636
4507,276005.15,562611.525,0,10,8.529435448254787,9.071767722112243,0.025451348848739588,0.37598254142950366,3.1822118404966093,2.1972245773362196,2,1.0,0.004892083810786362
4508,281794.075,563643.65,0,10,8.264305383164825,9.128804883993665,0.08163387136894625,0.9259980072960626,2.9338568698359038,1.6094379124341003,3,1.0,0.011902162065424533
4509,297680.0,564900.0,0,10,7.328831234604449,7.366445148327599,0.029287058779808504,0.0,3.370738174177447,0.6931471805599453,1,1.0,-0.0036381150265295563
4511,315973.6,566973.25,0,10,8.657215969336065,9.385217621880901,0.044293173410332044,1.2317793041462934,0.9555114450274363,1.0986122886681098,2,1.0,-0.0038046757462465186
4512,320000.0,567710.0,0,10,9.085026551004148,9.261983605128021,0.13944179634520862,0.0,1.5260563034950492,0.6931471805599453,1,1.0,0.033889431658442375
4513,331162.5,567975.0,0,10,10.200475255492202,10.618738632003,0.08456459874910545,0.4226497291856872,2.9338568698359038,1.6094379124341003,2,1.0,0.020947502836302305
4580,208200.0,575320.0,0,10,7.9259164432526195,8.126813720726114,0.08918586598655626,0.0,2.928523523860541,0.6931471805599453,1,1.0,0.023205565831419344
4583,238100.0,570000.0,1,10,7.257848611555315,7.415776975415394,0.1726973608602673,0.0,2.8903717578961645,0.6931471805599453,1,1.0,0.05150361320153979
4585,250000.0,571950.0,0,10,6.39959277263563,6.472346294500901,0.041969199215920294,0.0,3.367295829986474,0.6931471805599453,1,1.0,0.00839564475928091
4586,264749.85714285716,577465.7142857143,0,10,7.03577149091855,7.879669914604289,0.05017297027440587,0.6776341840361094,4.0163830207523885,2.0794415416798357,1,1.0,0.014658600090729591
4587,278900.0,574100.0,0,10,6.505634572124363,6.586171654854675,0.047333156977567174,0.0,2.2407096892759584,0.6931471805599453,1,1.0,0.01309395799588913
4588,285500.0,573740.0,0,10,9.121399862679535,9.252824983582338,0.09281803587304882,0.0,2.5952547069568657,0.6931471805599453,1,1.0,0.026345218693272256
4589,297104.3034482759,576249.5655172414,0,10,9.095727220716562,10.109932454227286,0.041339774823324446,0.563495908832381,3.919991175077323,3.4011973816621555,3,1.0,-0.005094648860757053
4590,303704.04,576059.8400000001,0,10,9.05833306016038,9.52558897214577,0.03690600224138413,0.5409489079707794,3.4657359027997265,1.791759469228055,3,1.0,0.006333109716344995
4591,313039.5,576389.5,0,10,9.670277882415585,10.459066632489291,0.0511493477343405,1.3688065053164178,2.066862759472976,1.0986122886681098,2,1.0,0.011761909203310576
4592,325396.0666666667,572154.7333333334,0,10,9.963506500773267,10.454408506866061,0.04647692563470228,0.8269519722577661,2.4069451083182885,1.3862943611198906,2,1.0,0.010011904619208903
4593,338906.5,574227.0,0,10,8.256866848974312,8.408939605975984,0.044931154994254645,0.13088982850029365,1.5260563034950492,1.0986122886681098,1,1.0,0.009871882594436042
4662,223800.0,582415.0,0,10,6.702513038803614,6.97354301952014,0.06427330932707721,0.22944164179880153,2.740840023925201,1.0986122886681098,1,1.0,0.01991145085373342
4666,262361.5,581612.75,0,10,7.060776750064539,7.674617497364363,0.04000887373214224,0.6152690676014423,3.0819099697950434,1.6094379124341003,1,1.0,0.0054549878915402285
4667,270000.0,585000.0,0,10,5.346631226826587,5.43372200355424,0.05027974432932556,0.0,2.9391619220655967,0.6931471805599453,1,1.0,0.014302914255044192
4669,294800.0,580000.0,0,10,8.95883592564299,9.048879705849558,0.10892585480075662,0.0,2.3513752571634776,0.6931471805599453,1,1.0,-0.01603757664617088
4670,304296.5,584070.0,0,10,8.159145877637226,8.873748128154395,0.0491005076176841,1.2019122793290287,2.856470206220483,1.0986122886681098,2,1.0,0.00719460647341113
4671,311620.0,583333.3333333334,0,10,9.983831753217618,10.404717282628672,0.051315312974094134,0.5978005674665262,3.068052935133617,1.3862943611198906,2,1.0,0.012401121988519427
4673,336655.0,583083.3333333334,0,10,7.891318291864919,8.403800504061147,0.06628198867695073,0.7228899097391305,2.341805806147327,1.3862943611198906,2,1.0,0.020983003412014575
4674,348330.0,587580.0,0,10,7.258904986878031,7.458186157340487,0.1302870295245681,0.0,0.0,0.6931471805599453,1,1.0,-0.02857197743441389
4741,217213.33333333334,595096.6666666666,0,10,8.400850368155918,9.179881164491475,0.02580007828158683,0.7129284679521681,3.0819099697950434,1.9459101490553132,2,1.0,0.0058699061811524605
4742,220260.0,592100.0,0,10,7.060047089324396,7.122866658599083,0.04091772451626177,0.0,2.4765384001174837,0.6931471805599453,1,1.0,0.006953939914833358
4745,254800.0,595350.0,0,10,7.121413991085132,7.1846291527173145,0.03693155562664284,0.0,2.4159137783010487,0.6931471805599453,1,1.0,0.009131077996257217
4747,272594.4,591543.5,0,10,5.238567362142263,5.5053315359323625,0.2508470983517827,0.0,0.0,0.6931471805599453,1,1.0,-0.07490055302221663
4748,285957.13333333336,595101.85,1,10,7.758319228460303,8.694669696546992,0.20777046510273947,0.8404298257566113,2.8780742300857582,1.1314021114911006,2,1.0,0.042049291041441325
4749,290000.0,591560.0,0,9,8.745832723234235,8.83927669058535,0.04804324971502981,0.0,2.468099531471619,0.6931471805599453,1,0.9,0.015774256865485805
4750,307400.0,596500.0,0,10,8.395771042211061,8.47345026846832,0.0436319653817063,0.0,2.4159137783010487,0.6931471805599453,1,1.0,0.010019103236187824
4751,310220.0,593500.0,0,10,10.324245132462586,10.392496923021222,0.03877092109318767,0.0,2.533696813957432,0.6931471805599453,1,1.0,0.008307212261081345
4754,340035.0,599360.0,0,10,7.594783778533905,7.675546002537848,0.04983525345637004,0.0,2.8735646395797834,0.6931471805599453,1,1.0,0.014269939174307703
4822,223305.26666666666,606536.8,0,10,8.61846736935687,9.047821442478408,0.026180616675696346,0.5543709378300803,3.3638415951183864,1.3862943611198906,2,1.0,-0.0006737780377941565
4823,232015.0,607590.0,0,10,8.324603093145484,9.09549053029724,0.12089070312800387,1.2392253688271266,1.4586150226995167,1.0986122886681098,2,1.0,-0.02872066692978136
4824,248650.0,605100.0,0,10,7.3555132992805525,7.456454555176209,0.03278627349248958,0.02908163352287544,2.066862759472976,1.0986122886681098,2,1.0,0.0007247303576755005
4828,286525.0,604550.0,0,10,7.616111217828035,8.208764045819667,0.055419217984292744,0.9016133445802799,3.4965075614664802,1.0986122886681098,2,1.0,0.01602754318739804
4830,306683.3333333333,606266.6666666666,0,10,9.554785502347281,10.522342128514218,0.035147608732899266,1.297567724687447,3.2771447329921766,1.3862943611198906,2,1.0,0.006148909846244053
4831,312600.0,606400.0,0,10,6.0390635259072605,6.139884552226255,0.05814143788301976,0.0,2.9444389791664403,0.6931471805599453,1,1.0,-0.0045038195575834395
4834,340500.0,603600.0,0,10,7.527901566657592,7.615791072035833,0.0514305467936128,0.0,2.9338568698359038,0.6931471805599453,1,1.0,0.014396467092624371
4836,367266.6666666667,608113.3333333334,0,10,7.5652061948838085,8.461469042643875,0.13389340858776838,0.73801414599119,3.3603753871419,1.3862943611198906,2,1.0,-0.027641709320070637
4897,173777.6,619145.0,0,10,5.690697235107546,5.918893854273146,0.11874309384889548,0.0,0.0,0.6931471805599453,1,1.0,-0.02544591971904735
4902,228100.0,617640.0,0,10,7.480089839325334,7.546446273746024,0.05300741982164723,0.0,2.681021528714291,0.6931471805599453,1,1.0,-0.012323756932540777
4903,234674.48333333334,618302.9666666666,0,10,9.01283004764646,9.706194479812028,0.02622017523479591,0.6681045585925767,2.5877640352277083,1.9459101490553132,3,1.0,0.007483276663196304
4904,242875.0,615510.0,0,10,8.90447396209055,9.392995206560258,0.050823294302866744,0.7023207643982258,2.9069010598473755,1.0986122886681098,1,1.0,-0.012229686340375757
4905,256496.0666666667,618819.4666666666,0,10,8.402118983570771,8.941545475242885,0.02561313123284586,0.8426553862793915,1.5260563034950492,1.3862943611198906,3,1.0,0.006876077575213384
4906,262500.0,614270.0,0,10,8.419966175655134,8.817001443665859,0.02870681585020008,0.5670579253316816,2.6461747973841225,1.0986122886681098,1,1.0,0.002679721204771936
4907,271800.0,612270.0,0,10,8.047989242341066,8.292047637431354,0.1044221588550619,0.0,2.4595888418037104,0.6931471805599453,1,1.0,0.025291132983440427
4909,296635.0,613150.0,0,10,9.784923587033392,10.502763517486002,0.027665727128425213,1.3659554933435074,3.186352633162641,1.0986122886681098,2,1.0,0.004423588354139967
4914,349200.0,614000.0,0,10,8.116088562585036,8.20303024171486,0.048261690853536654,0.0,1.252762968495368,0.6931471805599453,1,1.0,0.013028791002437987
4915,352743.1111111111,616085.7444444445,0,10,8.411264613206859,9.140775908590273,0.026601134800643068,0.6329583405381065,3.5524868292083815,2.302585092994046,3,1.0,0.0071424934328955985
4916,365100.0,619200.0,0,10,8.225288884531235,8.565030520830398,0.15126282321191234,0.0,1.1939224684724346,0.6931471805599453,1,1.0,-0.026539908892851478
4977,170600.0,622100.0,0,10,7.671873373412661,7.739794458408701,0.03919832267558309,0.0,3.970291913552122,0.6931471805599453,1,1.0,0.010615450436521028
4983,235289.7619047619,622702.0476190476,0,10,9.737857345452866,10.5095779005279,0.016120887519022825,0.5186659724635808,3.8133070324889884,3.091042453358316,4,1.0,-6.512422394619002e-05
4984,245326.66666666666,627283.3333333334,0,10,8.793455303638424,9.53813218535584,0.023606924365391444,0.858692292666138,2.631888840136646,1.3862943611198906,3,1.0,0.003900940931477024
4985,253080.0,622214.0,0,10,9.065397833456139,9.446676517076376,0.01814362493928331,0.27749916800086294,3.109060958860994,1.791759469228055,2,1.0,-0.0005978123096366539
4986,261700.0,623300.0,0,10,7.920410180472704,7.987524479848767,0.036085479452734506,0.0,2.8622008809294686,0.6931471805599453,1,1.0,0.009520694792688467
4987,272000.0,628260.0,0,10,7.487957700525948,7.558516743045645,0.037881329180635026,0.0,2.0149030205422647,0.6931471805599453,1,1.0,0.010129297907946712
4988,282600.0,629300.0,0,10,7.487957700525948,7.558516743045645,0.037881329180635026,0.0,2.533696813957432,0.6931471805599453,1,1.0,0.010129297907946712
4989,293885.71428571426,624030.0,0,10,9.225136087825828,10.50138955117934,0.07155445269860235,1.2712795859421442,3.8437441646748516,2.0794415416798357,3,1.0,0.010782521568540943
4990,309500.0,624360.0,0,10,6.8537213904896515,6.912742820493176,0.0349070237655409,0.0,3.1822118404966093,0.6931471805599453,1,1.0,0.008555547017085259
4992,324000.0,622900.0,0,10,6.287672669279197,6.359573868672378,0.041670423934820094,0.0,2.833213344056216,0.6931471805599453,1,1.0,0.01080275656546821
4994,345992.68333333335,628628.3476190476,0,10,8.163684657676814,9.051344640485725,0.04040256853933144,0.8430288053404116,3.19744787745458,2.066862759472976,2,1.0,0.001171387798549303
4995,350000.0,628050.0,0,10,7.70634297200008,7.8567067930958405,0.13822259020488278,0.0,2.624668592163159,0.6931471805599453,1,1.0,0.042899509182033314
4996,363133.35,623850.875,0,10,8.755922649004187,9.069928218259438,0.0410397389907767,0.3655963392631768,3.1986731175506815,1.6094379124341003,2,1.0,0.010419572248259535
5057,179000.0,632700.0,0,10,6.031165913959534,6.267200548541362,0.15167589862060837,0.0,0.0,0.6931471805599453,1,1.0,0.01272844047410517
5060,201024.36666666667,635587.1333333334,0,10,7.771488760117616,8.196161139282902,0.1005959451299735,0.4743409729980456,2.791165107812717,1.3609765531356006,2,1.0,0.008777782038009777
5063,234664.6,635290.8818181818,0,10,9.615053075887165,10.384431121820198,0.029269371782925473,0.5857276560859769,3.8437441646748516,3.1354942159291497,4,1.0,0.007038710869544239
5064,243565.09583333335,636559.675,0,10,9.545645856778561,10.67959625381042,0.02845504225984577,0.6862463117944401,3.8918202981106265,3.2188758248682006,3,1.0,0.008294102335478518
5065,257680.0,636095.0,0,10,7.765441846540239,8.528528701079983,0.04369696382281703,1.3819650651052604,2.6100697927420065,1.0986122886681098,2,1.0,0.012518789113179272
5066,264569.9,636955.0,0,10,7.877264450961095,8.528528701079983,0.04901139835273049,1.0866695562809408,1.2237754316221157,1.0986122886681098,2,1.0,0.013193226442329774
5068,285037.6666666667,632344.8,0,10,9.228324353073377,10.327218159451137,0.07172340752395608,1.38207389754772,2.6946271807700692,1.3862943611198906,3,1.0,0.012612785308208032
5069,296200.0,635350.0,0,10,8.063991613807381,8.446770727119691,0.025533414303739118,0.5577404877143545,3.091042453358316,1.0986122886681098,1,1.0,0.003123827074471349
5070,304775.0,637917.5,0,10,8.26579161648103,9.223454011121566,0.04028756696951324,0.9307407099679107,2.7013612129514133,1.6094379124341003,2,1.0,0.006020774165235056
5071,311060.0,637200.0,0,10,7.100357145183648,7.160845906664299,0.03614231239109411,0.0,2.0794415416798357,0.6931471805599453,1,1.0,0.009415602283358363
5072,325150.0,639565.0,0,10,8.630950356341307,9.028938392241612,0.03597822642107162,0.5709411392593017,3.3141860046725258,1.0986122886681098,1,1.0,0.008587679919846696
5073,339200.0,637460.0,0,10,8.452889309415417,8.483429561263428,0.027508882274525078,0.0,2.517696472610991,0.6931471805599453,1,1.0,-0.0014971801813682527
5074,347971.0416666666,635714.5833333333,0,10,8.815995701957835,9.628787514307517,0.09604365172458026,0.517271915663337,3.2902658209548736,2.0794415416798357,3,1.0,-0.02663875940204832
5075,356065.45454545453,633783.1818181818,0,10,9.35906832340453,9.883080742758466,0.023067717143864536,0.37197863630427597,2.9806186357439426,2.4849066497880004,3,1.0,0.006039935239023411
5076,368080.5,634307.4,0,10,7.701622223550314,8.213923595622743,0.05837125369088369,0.2341384716030829,3.3178157727231046,1.3862943611198906,2,1.0,0.007964093960957909
5077,374093.44000000006,634716.6,0,10,8.332601860633128,8.962519832949532,0.03237933209579354,0.6171593479303141,3.462606009790799,1.791759469228055,2,1.0,0.006662522458125069
5078,383400.0,639340.0,0,10,8.303083709731899,8.402231172946555,0.06565866914374761,0.0,1.2809338454620642,0.6931471805599453,1,1.0,0.008216879973626367
5133,137500.0,645400.0,0,10,6.597009266931805,6.71295620067707,0.09544272631349644,0.0,2.128231705849268,0.6931471805599453,1,1.0,0.030530748115117277
5139,194389.7,649824.6,0,10,5.9327755507593025,6.144185634125646,0.15749735242651297,0.0,3.1276373444339294,0.6931471805599453,1,1.0,0.03943743656662256
5142,225866.2846153846,644732.4846153846,0,10,9.334176843435397,10.52921205677864,0.018979796159634976,0.8178505108104334,3.4585224482814247,2.6390573296152584,4,1.0,0.0007073762261525915
5143,233425.83333333334,642465.0,0,10,9.034651768429766,9.671744632408455,0.02880391030540604,0.5289876803853716,2.8094026953624978,2.5649493574615367,2,1.0,-0.00301646919201196
5144,246137.87999999998,644326.4,0,10,9.556465582656012,10.914706573121668,0.024034355070560717,1.289960708647249,3.654288009344317,3.258096538021482,4,1.0,0.0018352303111133028
5146,267650.0,644150.0,0,10,8.73300593792114,8.929567707825337,0.023128310292820125,0.24974239693384978,3.005682604407159,1.0986122886681098,1,1.0,0.004916698235630541
5147,273840.03454545455,646215.2181818181,0,10,9.381538703527005,10.696661047163198,0.09008381043304928,1.1285570564114182,3.4531571205928664,2.468099531471619,3,1.0,0.018197980402203443
5148,285137.1,644229.22,0,10,9.477993701569586,10.41229113335048,0.042868941025739,0.7375421043205825,3.758871825933971,2.3978952727983707,3,1.0,0.005197823718569605
5149,293129.99,645117.15,0,10,8.410189103611154,8.86953877719374,0.02378778171118541,0.38899497738838246,3.6888794541139363,2.3978952727983707,2,1.0,0.005290807176990463
5150,305446.6666666667,644593.3333333334,0,10,7.738459073416226,8.443331342817782,0.08388046849688721,0.6309641686473348,3.044522437723423,1.3862943611198906,2,1.0,0.025354536383627533
5151,311450.0,644615.0,0,10,7.915129087215975,8.578476419833136,0.06113984630591263,0.5017421746332718,2.517696472610991,1.6094379124341003,2,1.0,0.015908703458933457
5152,324300.0,647300.0,0,10,8.907815352654627,8.974997713204976,0.041951819591872115,0.0,2.89591193827178,0.6931471805599453,1,1.0,0.01266587510073992
5154,344625.0,646185.0,0,10,8.630905731612954,8.728102205062104,0.03145256557006038,0.052267108247035544,3.095577608523707,1.0986122886681098,1,1.0,0.005311138756949027
5155,355800.0,645250.0,0,10,8.481006271654463,8.772610303280743,0.03542756954571183,0.3134727848126956,2.7343675094195836,1.0986122886681098,2,1.0,0.008447363310159406
5156,363300.0,644422.5,0,10,7.505657277625349,7.759187438507795,0.03449703532332482,0.2757332198778679,3.6402142821326553,1.6094379124341003,1,1.0,0.008875971512850219
5157,371000.0,646000.0,0,10,8.469283639394087,8.634086942887738,0.07142878644385005,0.0,0.262364264467491,0.6931471805599453,1,1.0,-0.0038397871391940195
5158,383205.475,642247.25,0,10,7.468370567250643,8.376781037699493,0.04557346236864167,0.903759513392702,3.254242968705492,1.6094379124341003,2,1.0,-0.009602810916533564
5220,206250.0,658420.0,0,10,5.596753901897678,6.342121418721152,0.11206028143817608,0.9716233620566189,2.5494451709255714,1.0986122886681098,1,1.0,-0.018539519191167687
5222,221825.0,656065.0,0,10,9.189882530073787,9.773264965486154,0.02430793304811119,0.5070868042502059,3.131136910560194,1.6094379124341003,2,1.0,0.0003646942553692535
5223,234181.175,654768.675,0,10,8.99979833698541,10.097984685260217,0.020533667539706247,0.762093123480278,3.5890591188317256,2.1972245773362196,3,1.0,0.0010669066832613794
5224,246103.5166666667,656024.8666666667,0,10,8.855202341618577,9.640433049909078,0.019766543361772866,0.722381630235574,2.970414465569701,1.9459101490553132,3,1.0,-0.00021067287215004526
5225,254115.75307692308,656295.3668131868,0,10,10.030840692269674,11.18247506066751,0.048714552401792975,0.8264619744050871,3.875773872753025,3.131136910560194,4,1.0,0.012177738744083818
5226,264144.5291666667,656212.0416666667,0,10,9.844210719960252,11.11137269368198,0.017850756519827857,0.8689156301227954,3.2188758248682006,3.2188758248682006,4,1.0,0.0021653117892756683
5227,274279.3189189189,655792.7027027027,0,10,10.060064552874959,11.444421759536338,0.023608269035226895,0.9543439821162677,3.9627161197436642,3.6375861597263857,5,1.0,0.0015932494517960016
5228,282531.6875,654146.375,0,10,9.251268760836359,10.009063045084767,0.029054414105294458,0.4264848257625487,3.3775875160230218,2.833213344056216,2,1.0,0.004575079691898303
5229,292456.6666666667,655466.6666666666,0,10,8.376220850137122,8.492900498847193,0.045585000980282994,0.07256033160005443,2.990719731730447,1.3862943611198906,1,1.0,0.014176793695707693
5230,303593.3333333333,658133.3333333334,0,10,7.3538717003786775,7.813591552952433,0.047174026641828466,0.5715549671667733,2.653241964607215,1.3862943611198906,2,1.0,0.013652764811037211
5231,316400.0,654800.0,0,10,8.772168687579939,8.845489236753274,0.031861396649311605,0.027213275387689896,2.714694743820879,1.0986122886681098,1,1.0,0.00845186399699918
5232,322185.71428571426,656442.1428571428,0,10,8.354112759767816,8.974997713204976,0.04580226609958,0.47427649973767744,3.696351468952637,2.0794415416798357,2,1.0,0.010172606055712786
5233,338000.0,658200.0,0,10,8.553891495198911,8.62371303479391,0.0640636436353031,0.0,1.1314021114911006,0.6931471805599453,1,1.0,-0.015934816258771335
5234,342675.0,657340.0,0,10,8.898631964921547,9.21632244365373,0.053242302108793486,0.32450141136863825,2.0412203288596382,1.0986122886681098,2,1.0,-0.009522278012023516
5235,351596.6666666667,651666.6666666666,0,10,8.668923802380556,9.107088742165708,0.031631385380981626,0.507977532108457,3.250374491927572,1.3862943611198906,2,1.0,0.00888221302207207
5236,368520.0,658440.0,0,10,5.083885755835849,5.356586274672012,0.21625020429736652,0.0,0.0,0.6931471805599453,1,1.0,0.006121060983903996
5237,377266.6666666667,653053.3333333334,0,10,8.122440499937719,8.69433468816865,0.04921877349290528,0.5426833231163993,2.8903717578961645,1.3862943611198906,1,1.0,0.014716823944212934
5238,380800.0,652220.0,0,10,7.837258342328427,8.213652703029998,0.05227139446128433,0.46083320376344467,2.9496883350525844,1.0986122886681098,1,1.0,0.01524216396365638
5239,393163.0,657119.1,0,10,8.442153503298686,9.275191344295799,0.02514534799188587,1.0348165191171907,2.681021528714291,1.3862943611198906,3,1.0,-0.002073550942921173
5292,127230.0,662125.0,0,10,7.052980531134916,7.206377291472252,0.1075186134168142,0.05225491888871988,3.005682604407159,1.0986122886681098,1,1.0,0.03417189290988256
5293,133485.0,662732.5,0,10,7.383865226659633,7.739794458408701,0.03942571296229315,0.3738045150215897,3.5890591188317256,1.6094379124341003,1,1.0,0.010966201045763251
5294,149000.0,663840.0,0,10,5.200153117760806,5.293304824724492,0.08247464757239698,0.0,3.6428355156125294,0.6931471805599453,1,1.0,0.02363064925460954
5298,184530.0,665633.3333333334,0,10,7.380629783319556,7.717351272185329,0.06008893437426772,0.3311792952547805,2.4069451083182885,1.3862943611198906,2,1.0,0.013502447775333527
5300,206510.0,666537.5,0,10,7.294496178092022,8.446556111816797,0.03154144321553696,1.3319753625355506,3.0587070727153796,1.6094379124341003,1,1.0,0.00605885524403014
5301,214930.0,663700.0,0,10,8.345348559473758,9.021356672308677,0.023281775086136557,1.2468941387371832,3.044522437723423,1.0986122886681098,2,1.0,0.004099624842934554
5302,220200.0,660000.0,0,10,9.150823885950429,9.21463115339334,0.03800602005220306,0.0,0.7884573603642702,0.6931471805599453,1,1.0,0.00805147385200852
5303,236722.0,666788.45,0,10,8.412227042430096,9.044875932248651,0.023744370319827294,0.9710141978287785,2.322387720290225,1.6094379124341003,3,1.0,0.001840423778867634
5304,246310.04827586206,664707.7172413793,0,10,10.269811245496266,11.735380779503828,0.02235306916470474,1.0334517440377113,3.6454498961866,3.4011973816621555,5,1.0,0.004653283351519474
5305,256335.2854712103,665091.6172753625,0,10,10.16617145788705,12.016297378729984,0.017453068398721953,1.2567481625828991,4.799502655448181,4.933754249760298,4,1.0,0.004114393733592028
5306,264708.37506494345,664551.1552406247,0,10,10.372573715813262,12.01567456121654,0.04448496976636977,1.0667400219527023,4.692631461758086,4.42484663185681,5,1.0,-0.010925960680318883
5307,274598.4311111111,663617.1911111111,0,10,10.019285804998017,11.42292416807609,0.027289302767408617,0.8855434751443083,4.443827035579329,3.828641396489095,5,1.0,0.005221245499165797
5308,284986.6666666667,661706.6666666666,0,10,9.989441982264854,10.931516419748775,0.09464542274456944,1.0764631800701199,2.451005098112319,1.3862943611198906,3,1.0,-0.017017831506133643
5309,295935.2083333333,665819.5833333334,0,10,9.500036352652765,11.029552867985538,0.027407497475700007,1.050286674557295,4.08260930600368,3.2188758248682006,3,1.0,0.007293589810148898
5310,303230.74705882353,666759.7176470588,0,10,9.682961161703044,11.042089489420396,0.02960905738792591,0.8831315280579257,3.735285826928092,2.8903717578961645,3,1.0,0.008760655424080185
5311,314971.0,667585.8333333334,0,10,9.859073175630078,11.260597666260049,0.03350263167576986,1.37221494463868,2.879198457298039,1.9459101490553132,4,1.0,0.002074413341444604
5312,325909.61904761905,666252.5714285715,0,10,9.965375241893032,11.330395886541273,0.024504069443343247,1.0414488675688764,3.2646137165420543,3.091042453358316,3,1.0,-1.1991181056089054e-05
5313,333042.9056946183,666968.918103559,0,10,9.375238044352159,10.757243088609178,0.027317372585709314,0.7855350009502418,4.234686046775173,3.9454577815143836,4,1.0,0.008452764613412678
5314,343481.81,664824.72,0,10,8.58423856776499,9.225130457448818,0.049820832894755133,0.7800405660382994,2.6333266549062735,1.9315214116032138,4,1.0,0.0019040626629501835
5317,379760.0,662000.0,0,10,6.721787081267985,6.80903930604298,0.06403445894907449,0.0,2.2823823856765264,0.6931471805599453,1,1.0,0.02013381128297321
5318,380700.0,665530.0,0,10,8.95098657151126,9.04735074348172,0.05581290826411645,0.0,1.8718021769015913,0.6931471805599453,1,1.0,0.016852169370154765
5319,392872.0,662322.0,0,10,8.751847835159376,9.28470545393149,0.05414367757378689,0.5267073110351344,3.202746442938317,1.791759469228055,2,1.0,0.015879590161074
5381,217830.0,675805.0,0,10,8.688981692050051,9.55775254863573,0.118742423989653,0.6863223730119956,3.1986731175506815,1.9459101490553132,2,1.0,-0.027135985537639178
5382,224634.55824175826,676171.7115384616,0,10,9.243654091571777,10.474015019548162,0.08234007651012747,0.7859634426707894,3.133317936506554,2.6741486494265287,4,1.0,0.01910974951525831
5383,236649.25,675068.84375,0,10,9.474141104229636,10.54418287309365,0.025195022034068117,0.8269854342765403,3.3621099929541085,2.833213344056216,4,1.0,0.0011251009152900492
5384,245097.33939393942,672807.7757575758,0,10,9.995516183143756,11.135274920356654,0.03665904517690164,0.7168664801011749,4.139955073474153,3.5263605246161616,4,1.0,0.010978255450355119
5385,254888.82399999996,673517.3759999999,0,10,9.339009010553387,10.464017208481234,0.01966381815302638,0.6450697687711674,3.919991175077323,3.258096538021482,2,1.0,-0.0001217862839588666
5386,264787.1207086343,674530.9754041967,0,10,9.225108812063057,10.873262177683122,0.10550583588794694,0.8423739960985894,3.3988613218646075,2.928523523860541,4,1.0,0.031837935482735405
5387,274923.0601443186,675819.6461874315,0,10,10.263039442776197,11.543289767951647,0.09561559013597636,1.009657149021942,3.611458307145351,3.4657359027997265,5,1.0,-0.02707552205502035
5388,284596.8,679147.8666666667,0,10,8.803949835791517,9.298625936843543,0.045028439723670634,0.8220747723137196,1.2809338454620642,1.3862943611198906,2,1.0,0.014579612477352438
5389,295403.1434782609,676738.2869565217,0,10,9.439787837889595,10.88267796337933,0.044856993878315016,0.9239066860450367,3.8543938925915096,3.1780538303479458,4,1.0,0.013363035205437416
5390,304034.6666666667,674906.0,0,10,9.55560857234076,10.74315638575884,0.03037152253170919,0.8204276140859397,3.4995332823830174,2.772588722239781,4,1.0,0.007574573865312488
5391,314856.28311827953,673623.0769892472,0,10,10.542326712226583,11.412873058562703,0.05418362282914051,0.5625626701385216,4.245204117951145,3.456316680883235,5,1.0,0.016787821110726686
5392,324999.6956521739,674001.4782608695,0,10,9.482462723911157,10.855666527972762,0.020865693336641906,0.6449284534988557,4.225372824628505,3.8501476017100584,3,1.0,-0.0029860196612457738
5393,333329.72000000003,672229.5828571429,0,10,9.733009469819116,10.920148368552894,0.032229067274137185,0.8317083437500303,3.7376696182833684,3.58351893845611,4,1.0,0.004390665244295908
5394,343922.05,674224.3857142858,0,10,9.375805172417936,10.617294835792377,0.04041720776625362,0.9096799793861342,3.7954891891721947,2.70805020110221,3,1.0,0.010051024172776446
5395,352173.3333333333,674777.9166666666,0,10,8.809646364046875,9.979753907989577,0.042912020211724744,0.7558474124250196,3.676300671907076,2.5649493574615367,2,1.0,0.009856159522828412
5396,366485.8833333333,676836.9333333333,0,10,8.39142208591267,9.603462956885961,0.13664856289595373,1.0585121504107313,2.8622008809294686,1.9459101490553132,3,1.0,-0.018800401695463067
5397,377145.0,671820.0,0,10,9.036135783284175,9.178023770499639,0.02707231796964862,0.06573805342939448,2.572612230207106,1.0986122886681098,1,1.0,0.0019555695041543124
5398,380000.0,670200.0,1,10,6.7336399587352815,6.895682697747868,0.16633949499767448,0.0,2.70805020110221,0.6931471805599453,1,1.0,0.05032209607996029
5458,185475.0,684000.0,0,10,8.447435741999774,8.906935339059165,0.05242227255474684,0.6519422163976569,3.1135153092103742,1.0986122886681098,1,1.0,0.012189850717552441
5459,199660.0,683500.0,0,10,6.222576268071369,6.529418838262226,0.29357564168648986,0.0,2.975529566236472,0.6931471805599453,1,1.0,-0.07858304717151614
5460,200970.0,680770.0,0,10,6.464536381262056,6.726233402358747,0.039115104370439045,0.19901983513325963,3.0754672415728446,1.3609765531356006,1,1.0,0.008260881213192841
5461,216407.5,682530.0,0,10,7.998856093699712,8.613048677059759,0.045315097936090135,0.7156674173642531,3.6375861597263857,1.6094379124341003,1,1.0,0.012617821221741595
5462,227800.0,684120.0,0,10,9.149885944009286,9.346356175893625,0.021707602776320414,0.1663450870593425,2.631888840136646,1.3862943611198906,1,1.0,0.003611195801611776
5463,235988.2727272727,682823.3545454546,0,10,9.329153987513756,10.080922187756688,0.0370552644071555,0.5043110500803873,3.475067230228611,2.4849066497880004,3,1.0,0.009942465474465173
5464,244666.66666666666,686100.0,0,10,8.600860092988809,8.971956271245688,0.019356671268270675,0.40223021714101764,2.6878474937846906,1.3862943611198906,1,1.0,0.003414247962266949
5465,252868.48333333334,686049.8833333333,0,10,8.085717727875842,8.761550139129644,0.027991465444575217,0.5849980450828343,3.505557396986398,1.9459101490553132,2,1.0,-0.004658893547782509
5467,271897.3,686655.7,1,10,3.859676525055937,5.123963979403259,0.5785272407157914,0.18214295336529784,0.0,0.7884573603642702,1,1.0,0.12127735916756144
5468,284225.79041666666,683403.3570833333,0,10,9.80275380144443,11.117940250442434,0.04232853669596957,0.7182429022506823,4.423648309364701,3.7864597824528,4,1.0,0.007102011090833089
5469,293343.75561450043,683458.2159151194,0,10,9.56194536249352,10.662890528873138,0.03898050833307531,0.5469263987143669,3.8310298462186143,3.407841924380824,4,1.0,0.01131181078901372
5470,305506.875,685256.875,0,10,9.020697328388612,9.922554615253354,0.037612574037967604,0.5657610557664977,3.380994674344636,2.833213344056216,3,1.0,0.010016955035531315
5471,312840.0158102767,685796.9328063241,0,10,10.328054132839428,11.349806355400421,0.021746543847652938,0.7886133782585709,3.8031005982039594,3.1612467120315646,5,1.0,0.002084556645836887
5472,323408.3333333333,686916.6666666666,0,10,8.372032535510408,9.08704215563169,0.018485780293259924,0.514378732492065,3.0349529867072724,1.9459101490553132,1,1.0,0.004165476588907048
5474,347890.0,681650.0,0,10,8.553187551639613,8.828494129466652,0.04864677800273317,0.29308021559731423,1.8082887711792655,1.0986122886681098,1,1.0,0.014559605412998973
5475,353852.0,684158.0,0,10,8.559677803022392,9.087720658428273,0.043696525682233214,0.47757796932125984,3.0492730404820207,1.791759469228055,1,1.0,0.01288157650120829
5538,183950.0,693800.0,0,10,8.09428686568813,8.458928283284262,0.02902503796358683,0.5112630736098056,2.766319109226186,1.0986122886681098,1,1.0,0.0024688821830542887
5539,197900.0,696300.0,0,10,7.870662385484872,7.946971357693591,0.0422305691184899,0.0,3.3141860046725258,0.6931471805599453,1,1.0,0.010649982234597986
5541,215720.0,691794.2,0,10,4.531523645819793,4.836281906951478,0.18462417148627588,0.0,0.0,0.6931471805599453,1,1.0,-0.01721238500346218
5542,226550.0,690430.0,0,10,7.847723474210649,7.913521017283895,0.040864579351997755,0.0,2.72785282839839,0.6931471805599453,1,1.0,0.011058255381987988
5543,234600.0,697700.0,0,10,8.827863986637855,9.072227069846548,0.10536124635653918,0.0,2.9338568698359038,0.6931471805599453,1,1.0,0.02686385606027267
5545,254930.0,693285.0,0,10,8.229264421870564,8.80131894766524,0.03669131993781219,0.750980027827133,2.617395832834079,1.6094379124341003,2,1.0,0.008926198276731712
5546,266733.3333333333,696766.6666666666,0,10,8.618232383590504,8.981304494957135,0.017358362649534716,0.5668884951938485,3.5085558999826545,1.3862943611198906,1,1.0,0.0032107864892733273
5547,278769.5666666667,694175.1,0,10,9.681605704938928,10.811746112713019,0.040004055529254866,0.6990109199516048,3.3579418729911983,2.5649493574615367,5,1.0,0.003851628046344162
5548,283990.2833333333,693536.6041666666,0,10,9.56202341876939,10.24473408831764,0.023341007152778974,0.5181891358822555,3.903990833730882,3.2188758248682006,3,1.0,0.002392842660321615
5549,293084.32,694919.2011111111,0,10,9.098032569835032,10.019313118041719,0.04490146044165015,0.6822998215044346,3.5890591188317256,2.388762789235098,3,1.0,-0.0019129851712674395
5550,302408.5714285714,696108.5714285715,0,10,8.219799350129298,8.852521917335372,0.034056038216734766,0.5674666323998905,3.655839600035736,2.0794415416798357,1,1.0,0.005221962558250871
5551,314561.1333333333,694325.0916666666,0,10,9.592633516276896,10.7571153366182,0.043362780684085146,0.9801635943174267,2.9922261342247034,2.5649493574615367,5,1.0,0.00955567674585073
5552,327307.06875,693950.29375,0,10,9.622016982034527,10.731121918804826,0.03310741261025447,0.8870448830149062,3.4372078191851885,2.833213344056216,4,1.0,0.004226874136274146
5553,332808.3333333333,696873.3333333334,0,10,9.268458325310831,9.934840860194123,0.05309853950224191,0.598919779303789,2.8791984572980396,1.9459101490553132,2,1.0,0.015484644318131839
5618,184500.0,701600.0,0,10,7.2865341218277955,7.340186835320115,0.03187352553928904,0.0,3.459466289786131,0.6931471805599453,1,1.0,0.00707174520124137
5620,207800.0,703575.0,0,10,7.4488578936323995,8.035602692918582,0.048535888310932106,0.845829297776158,2.975529566236472,1.0986122886681098,2,1.0,0.009206162622202906
5621,212200.0,707550.0,0,10,7.467713865298338,7.546446273746024,0.04523004383112394,0.0,2.772588722239781,0.6931471805599453,1,1.0,0.012505022793088365
5622,225050.0,703655.0,0,10,7.720217654176542,8.421562960400987,0.0665881880676952,0.9872988242294272,3.5524868292083815,1.0986122886681098,2,1.0,0.015922056588885857
5623,230800.0,704280.0,0,10,8.503925564415333,8.572817095164234,0.03846070044311628,0.0,1.308332819650179,0.6931471805599453,1,1.0,0.009257194597041513
5624,249075.2,701648.0,1,10,6.650408406326429,6.970730078143525,0.17611594898950056,0.0,0.0,0.6931471805599453,1,1.0,0.04759157433681473
5625,253900.0,703898.0,0,10,7.348574660831903,8.153925132007862,0.025087014339638947,0.8032269850602868,3.529297384289471,1.791759469228055,1,1.0,0.0072533081071503224
5626,262650.0,705750.0,0,10,7.929621503404931,8.427049641563272,0.020259858719000986,0.4941633756162089,2.906901059847375,1.6094379124341003,2,1.0,0.003095903451454876
5627,275698.14285714284,701411.1428571428,0,10,9.34884811201924,10.361038973842623,0.052526473564226836,1.0162675457112684,3.353406717825807,2.0794415416798357,3,1.0,0.01097582594520687
5628,281666.6666666667,706200.0,0,10,9.885175913164824,10.429162379152325,0.08463652296606049,0.7066032072099695,2.797281334830153,1.3862943611198906,2,1.0,0.001345182669375926
5629,292400.0,707050.0,0,10,9.411937456389373,10.216691162217987,0.07657902649710803,1.208471258544548,3.1570004211501135,1.0986122886681098,2,1.0,0.010418056246603708
5630,303101.02,701864.42,0,10,7.53352257221077,8.025516386489008,0.022234598490311255,0.5331701871876977,2.772588722239781,1.791759469228055,2,1.0,-0.000716110740298943
5631,314669.1666666667,705045.8333333334,0,10,9.15816510982201,10.542442504012646,0.054435708747929155,1.1184517873019524,3.6399517804905126,2.5649493574615367,2,1.0,0.012613776886414024
5632,327244.54545454547,703178.1818181818,0,10,9.584362971448062,10.2456222982778,0.0466246268822339,0.6266468613213133,3.535145354171894,2.4849066497880004,2,1.0,0.010886192918283185
5633,335947.8461538461,701770.9384615385,0,10,9.087642393134976,9.944629495867304,0.06072937974503588,0.7985698485107326,3.459466289786131,2.6390573296152584,2,1.0,0.01769423289392687
5634,345164.33999999997,703808.9400000001,0,10,8.38264642633267,9.298625936843543,0.02292191095621131,0.8994131532748808,3.1441522786722644,1.791759469228055,2,1.0,0.0011617562492249596
5635,354850.0,703245.0,0,10,7.6936183680418235,7.858640655620791,0.03972098305729798,0.1518065816740837,2.7788192719904172,1.0986122886681098,1,1.0,0.0070130935949561475
5636,360866.6666666667,707956.6666666666,0,10,7.652149919545921,7.803026643632217,0.06931120024567075,0.12787626399479834,1.1939224684724346,1.3862943611198906,1,1.0,-0.017591839183918368
5701,217300.0,711260.0,0,10,8.634407176305052,8.718009330846357,0.04949226244793169,0.0,2.9231615807191558,0.6931471805599453,1,1.0,0.014840980255155982
5703,231700.0,715500.0,0,10,7.9834741688369375,8.045588280803528,0.03511644211390383,0.0,2.8390784635086144,0.6931471805599453,1,1.0,0.007834477282807048
5705,257100.0,714500.0,0,10,8.238351923629939,8.27893600229198,0.022516447535467804,0.0,3.054001181677967,0.6931471805599453,1,1.0,0.0027256142847183825
5708,286200.0,718600.0,0,10,8.648765165633705,8.726156679156613,0.04808520646889095,0.0,2.501435951739211,0.6931471805599453,1,1.0,0.014768615284214609
5709,294444.375,712687.5,0,10,8.972749204664972,10.239674034047525,0.05284567857087626,1.2123006430470296,3.2188758248682006,2.1972245773362196,3,1.0,0.011262960966483512
5710,303156.26666666666,716453.5333333333,0,10,9.70827526615061,10.221504824783981,0.049101574126079135,0.8645283426814178,2.6390573296152584,1.3862943611198906,2,1.0,0.012362965426992997
5711,315046.0,713488.0,0,10,9.614157456171966,10.561577341280671,0.04622535705032757,0.9642523893521127,3.39484390768998,1.791759469228055,2,1.0,0.00796508118252685
5712,324671.4285714286,715106.4285714285,0,10,8.40890776746093,8.71948076085107,0.0263340259138854,0.30338094238753144,3.407841924380824,2.0794415416798357,1,1.0,0.002453888266441771
5713,335925.31,714367.78,0,10,8.775129204094878,9.526318313582811,0.01824224782878825,0.6835684920902161,3.6712245188752157,2.3978952727983707,4,1.0,0.002397910370980926
5714,346890.625,716562.075,0,10,8.330098260175841,9.045111892608405,0.04477020460431307,0.5682854089632576,2.4595888418037104,1.6094379124341003,2,1.0,0.009560183675106141
5715,351596.8666666667,715783.7555555555,0,10,8.864633628238847,9.561208488881128,0.042290486371059234,0.44057908060139744,3.1945831322991562,2.302585092994046,2,1.0,0.013381985061700062
5773,139500.0,722360.0,0,10,6.169610732491456,6.2285110035911835,0.03423465748124638,0.0,3.4011973816621555,0.6931471805599453,1,1.0,0.008538212311797022
5778,182817.9,721965.6,0,10,7.462817859641178,7.886457270977689,0.04604758836367722,0.5705933492452578,2.7013612129514133,1.0986122886681098,2,1.0,0.013076400256549965
5781,211800.0,723600.0,0,10,7.2426190799067545,7.360103972989152,0.037522708589990295,0.04487247001032445,3.1780538303479458,1.0986122886681098,1,1.0,-0.0026837192400107554
5783,234160.0,723700.0,0,10,8.41579149594559,8.750207862525711,0.060710744627649756,0.4351690827910133,2.9806186357439426,1.0986122886681098,1,1.0,0.012394666301703645
5784,248800.0,727960.0,0,10,7.9676613887681675,8.011686729127847,0.02374229839545898,0.0,2.9391619220655967,0.6931471805599453,1,1.0,0.0033463469046289456
5785,255800.0,728400.0,0,10,8.060824186779545,8.125630988477065,0.03279932966440688,0.0,2.1972245773362196,0.6931471805599453,1,1.0,0.007897982636685903
5786,260000.0,723900.0,0,10,7.373185968257736,7.422971251049421,0.024617372351659665,0.0,1.9459101490553132,0.6931471805599453,1,1.0,-0.0003388791477001653
5787,273717.75,722338.65,0,10,7.207674669098396,7.493317248862145,0.09008489374663889,0.3646995629775141,2.7536607123542622,1.0986122886681098,2,1.0,0.02606004437329697
5788,285413.3333333333,722406.6666666666,0,10,8.172983094622584,8.688116703257823,0.04682649269487179,0.5692507684321491,2.72785282839839,1.3862943611198906,2,1.0,0.00032559071764219237
5789,290000.0,726800.0,0,10,7.028201432058005,7.199678345691172,0.14249324297635677,0.0,1.9600947840472698,0.6931471805599453,1,1.0,0.04267699174531379
5790,308251.4285714286,724117.1428571428,0,10,9.755537608350473,10.482681853020042,0.05604680693220315,0.645280416430172,3.4772320679381528,2.0794415416798357,4,1.0,0.013683364437136306
5791,312062.39130434784,723263.4782608695,0,10,9.522806887372319,10.598582834314088,0.044037825755282034,0.5983867489579084,3.522234376704989,3.1780538303479458,4,1.0,0.01334285325591513
5792,325000.0,726650.0,0,10,10.445686835548338,10.532576096795353,0.05635332617948913,0.0,2.5726122302071057,0.6931471805599453,1,1.0,0.015189620035715102
5793,336930.15,729828.75,0,10,9.26746239626515,9.624633068687027,0.013005917214086168,0.5408924988344473,1.3609765531356006,1.0986122886681098,2,1.0,0.0015390734159772843
5794,342730.7,724646.5,0,10,9.476895841062142,10.291942131810886,0.021744299006890948,0.6862502428296594,3.6913763343125234,2.1972245773362196,3,1.0,-0.002717234860092122
5856,167900.0,739850.0,0,10,7.01301578963963,7.148345743900068,0.09697328618050985,0.0,2.0794415416798357,0.6931471805599453,1,1.0,0.015593775593775654
5857,173050.0,733700.0,0,10,6.605433229790841,6.656726524178391,0.031068994928177125,0.0,3.332204510175204,0.6931471805599453,1,1.0,0.007151860017325179
5858,186569.275,731893.475,1,10,8.92925537974809,9.899077844047428,0.4183391153370572,1.0162921584860773,0.8754687373538999,1.547562508716013,2,1.0,0.10841371186554553
5859,190550.0,734250.0,0,10,8.877458681621892,9.09268232850795,0.041059128710297675,0.2093894682904091,2.9652730660692823,1.0986122886681098,1,1.0,0.011434108650033038
5860,200000.0,731200.0,0,10,8.36469447967136,8.434680769841773,0.038884785570160924,0.0,3.4111477125153233,0.6931471805599453,1,1.0,0.009551689126692383
5862,228355.0,735270.0,0,10,7.794060917765713,8.232971790593437,0.08523538940512006,0.19287210542968708,3.459466289786131,1.0986122886681098,1,1.0,0.018944157780930556
5863,231790.0,733500.0,0,10,7.910456095995094,8.31164394850298,0.04337792929402277,0.2315432724076274,2.388762789235098,1.3862943611198906,1,1.0,0.010698501920562323
5865,256375.0,732605.0,0,10,7.391261092093165,7.645397699428633,0.057970712856216036,0.34464436571531915,2.1041341542702074,1.0986122886681098,1,1.0,0.017165640673275872
5866,262900.0,736560.0,0,10,6.4792773965649,6.529418838262226,0.03079038498118989,0.0,3.242592351485517,0.6931471805599453,1,1.0,0.0064379381827496494
5868,289400.0,734500.0,0,10,6.981656086821672,7.084226422097916,0.07154043698250542,0.0,2.667228206581955,0.6931471805599453,1,1.0,0.02256458796386253
5869,296700.0,739700.0,0,10,6.74664711858738,6.804614520062624,0.03666506418985481,0.0,2.580216829592325,0.6931471805599453,1,1.0,0.0022525894085523254
5870,306515.3,738999.8,0,10,9.420301414573554,9.802340370531171,0.16426614417916813,0.0,2.9856819377004897,0.6931471805599453,1,1.0,0.029631147269145494
5871,313260.0,730700.0,0,10,8.124891069834353,8.183397369998433,0.03429441066654459,0.0,2.9652730660692823,0.6931471805599453,1,1.0,0.008157990388110098
5872,322850.0,736800.0,0,10,8.462905945942412,8.667680024690174,0.041156257827353375,0.18873532902301268,3.3105430133940246,1.0986122886681098,1,1.0,0.011840121242841343
5873,336072.0,732598.8181818182,0,10,9.765334065902207,10.750063723997085,0.015368362428091574,0.7614535367565043,3.342861804649192,2.4849066497880004,3,1.0,7.559890504259204e-06
5874,342756.3357142857,731932.4285714285,0,10,9.829059144432906,10.637968596589051,0.017780577370581342,0.5322757037774781,3.634951112088381,3.367295829986474,4,1.0,0.0009617585210298418
5875,354250.4285714286,736030.4285714285,0,10,9.093955822268029,9.734240155229445,0.02766808047865116,0.748540850296896,3.295836866004329,2.0794415416798357,2,1.0,-0.00040496583641878896
5935,156060.0,746230.0,0,10,6.49586960307105,6.666956792429207,0.03797593054342748,0.17443252991833139,2.8791984572980396,1.0986122886681098,1,1.0,0.008366092127809562
5936,165825.0,744625.0,0,10,6.450667875002948,7.101675971619444,0.038948819802445564,0.5652108065438386,3.427514689979529,1.6094379124341003,1,1.0,0.010045481510776883
5939,195325.65,741568.15,0,10,7.737027361112943,7.953669778649798,0.21456529098705948,0.3234092355489821,2.91235066461494,0.832909122935104,2,1.0,-0.056497130297142845
5947,276061.0,747818.0,0,10,6.189700462716007,6.278521424165844,0.07133361590907052,0.0,0.0,0.6931471805599453,1,1.0,0.007284681622055241
5948,283800.0,748695.0,0,10,7.3348840267263276,7.531552381407289,0.06677576117449566,0.08967054775043873,2.3513752571634776,1.0986122886681098,2,1.0,-0.004029589889824484
5949,290600.0,742600.0,0,10,6.895783907200917,7.05617528410041,0.14372365447287555,0.0,2.791165107812717,0.6931471805599453,1,1.0,0.04475307220723042
5950,304090.0,744275.0,0,10,8.412887674606923,9.44375103564617,0.03181293555562445,1.1448611598680576,3.7184382563554808,1.6094379124341003,2,1.0,0.0012837786692904856
5951,316922.5,743507.5,0,10,8.62531638735615,9.335385860950407,0.04034633807196051,0.5836256286585578,3.1179499062782403,2.1972245773362196,1,1.0,-0.004376317019665304
5952,324108.4222222222,744477.8111111111,0,10,8.430959693618307,9.044049632254756,0.0357275283771387,0.5475229169044791,3.265759410767051,2.302585092994046,2,1.0,0.010183021107812187
5953,333005.0,746350.0,0,10,8.06968659550806,8.15908865466791,0.08314801650011061,0.0,2.4765384001174837,1.0986122886681098,1,1.0,-0.02115550042062469
5954,343158.28571428574,747253.0,0,10,9.121708982175415,10.20551621869483,0.029307348930378386,1.0327919530347964,3.367295829986474,2.0794415416798357,3,1.0,0.007797557565103914
5956,363456.88,742175.28,0,10,8.941423787870677,9.789422596248155,0.030128875891298656,0.6638526502032818,3.234749174024491,2.3978952727983707,2,1.0,0.006344740469673164
6019,199500.0,755500.0,0,10,7.686437747648345,7.7458682297922685,0.03408783688984621,0.0,2.6602595372658615,0.6931471805599453,1,1.0,0.008432970409458045
6020,206608.0,758911.5,0,10,8.582465818032434,8.845777255188445,0.1029098322101149,0.27259137643125103,1.9600947840472698,1.0986122886681098,1,1.0,0.02833734392413198
6021,215700.0,757150.0,0,10,8.021814316639272,8.090708716083997,0.03882130109501602,0.0,3.3945083935113587,0.6931471805599453,1,1.0,0.009601216220383983
6026,268441.2,758868.0,0,10,6.393757964050511,6.508769136971682,0.09854230867061077,0.0,0.0,0.6931471805599453,1,1.0,0.008658008658009185
6029,293824.7571428571,756152.9571428571,0,10,8.612973390614268,9.536184905522312,0.040133783291852555,0.6158207509512502,3.462606009790799,2.0794415416798357,2,1.0,0.004866444251452559
6031,313333.3333333333,754183.3333333334,0,10,7.039105127101213,7.662937850461535,0.041911498557628234,0.694219544158993,3.493472657771326,1.3862943611198906,1,1.0,0.010835365740137125
6033,337019.6,752846.86,0,10,7.78211506834711,8.521185212685776,0.033268172535478556,0.7919564291277086,3.1135153092103742,1.791759469228055,2,1.0,-0.0033672562779451733
6034,344798.7090909091,751013.8727272728,0,10,9.082294167901699,10.06581896445358,0.07018859400335488,0.5946466275646575,2.995732273553991,2.4849066497880004,3,1.0,0.018080031886191426
6035,353700.0,753466.6666666666,0,10,9.070729584843162,10.05091568660256,0.08450143695530121,1.1768028796345784,3.475067230228611,1.3862943611198906,2,1.0,0.024225558185746142
6036,363904.0,756562.0,0,10,8.242487888630468,8.835937789319836,0.03688682985965096,0.42461800297684726,3.653252276470785,1.791759469228055,1,1.0,0.00932904205696563
6037,371107.4857142857,758121.9142857143,0,10,8.805467231477758,9.622714888385282,0.026259480308139006,0.6888527837313757,1.9878743481543455,2.0794415416798357,2,1.0,0.006315259701084018
6096,169115.0,764700.0,0,10,6.452758481842924,6.597145701886651,0.03395528842666434,0.14237367693945213,3.1654750481410856,1.0986122886681098,1,1.0,0.0041858317965349084
6097,179700.0,760200.0,0,10,5.9548005627363905,6.037870919922137,0.04824343330704562,0.0,2.5416019934645457,0.6931471805599453,1,1.0,0.013457507997289325
6099,190000.0,760270.0,0,10,6.633976111699347,6.710523109452428,0.05984067756493013,0.0,2.4069451083182885,0.6931471805599453,1,1.0,0.018441159454984368
6100,201250.0,762200.0,0,10,8.361077248390364,9.03049574505712,0.03957834189510662,1.1122273423817794,2.8507065015037334,1.0986122886681098,2,1.0,0.008265429119905876
6101,218696.0,761853.8,0,10,6.872646101868569,6.985641817639208,0.10107106994211881,0.0,0.0,0.6931471805599453,1,1.0,0.001577202821370146
6110,300000.0,762990.0,0,10,6.239105570022579,6.53813982376767,0.1811531545984631,0.0,3.0155349008501706,0.6931471805599453,1,1.0,-0.0334672497363162
6115,358200.0,760000.0,0,10,8.385967709563356,8.427487278331744,0.039633407633955245,0.0,1.3609765531356006,0.6931471805599453,1,1.0,-0.0023127652059475447
6116,364548.2375,764228.9125,0,10,9.200890865689452,9.906084178383393,0.046707548294056336,0.6665438099347537,3.4404180948154366,2.1972245773362196,3,1.0,0.0055934689526985415
6117,372320.0,761000.0,0,10,8.484380701669687,8.565602330623925,0.051513176508755074,0.0,1.252762968495368,0.6931471805599453,1,1.0,-0.0018717019709251438
6118,381600.0,769900.0,0,10,8.172616199818496,8.236950048061455,0.037295809837839235,0.0,2.8903717578961645,0.6931471805599453,1,1.0,0.009726814109014012
6177,174160.0,779800.0,0,10,6.260345990096045,6.375024819828097,0.10091442725261127,0.0,3.4339872044851463,0.6931471805599453,1,1.0,-0.020395377975776223
6179,197500.0,779200.0,0,10,7.611792942373255,7.700747794511798,0.04936976085225747,0.0,2.8094026953624978,0.6931471805599453,1,1.0,0.013438357047639763
6180,208700.0,774000.0,0,10,5.2192741592075835,5.288267030694535,0.042516411351737685,0.0,3.535145354171894,0.6931471805599453,1,1.0,0.011606819006165885
6181,212030.0,775912.5,0,10,8.82491683320351,9.274159884689137,0.051729384122653564,0.4798494101138327,3.456316680883235,1.6094379124341003,2,1.0,0.013428132998025305
6186,262700.0,778800.0,0,10,8.87637698555673,9.191667106710561,0.13736088496318902,0.0,2.1162555148025524,0.6931471805599453,1,1.0,0.033562813249396466
6187,272000.0,770400.0,0,10,8.986421520194222,9.193906065512758,0.08967419069267153,0.0,3.6712245188752153,0.6931471805599453,1,1.0,0.023407430323654742
6191,312850.0,774300.0,0,10,6.799613120362434,6.8679744089702925,0.0499958169777971,0.0,2.8903717578961645,0.6931471805599453,1,1.0,-0.009133160945765639
6197,371300.0,770762.5,0,10,9.228808776259227,10.052123051675276,0.10154644658366689,0.8908491027292555,2.0794415416798357,1.6094379124341003,2,1.0,0.026523110024985
6198,386400.0,779540.0,0,10,8.436113279365495,8.490438454107418,0.032350963964898394,0.0,2.653241964607215,0.6931471805599453,1,1.0,0.007736160634459641
6257,176450.0,783405.0,0,10,7.212736848511979,7.316548177182976,0.04314742182500962,0.03287831858506629,3.632309102625542,1.0986122886681098,1,1.0,0.011011561468923256
6264,241800.0,782500.0,0,10,6.891219310342038,6.954638864880987,0.03615116738535342,0.0,3.8437441646748516,0.6931471805599453,1,1.0,0.008191008394549788
6278,384750.7428571428,785609.1714285715,0,10,9.172534657240284,10.185315020186113,0.06675168819234227,0.9478341976938787,3.8649313978942956,2.0794415416798357,4,1.0,0.020334809906891203
6336,167650.0,795300.0,0,10,7.485996531040724,7.5595594960077,0.03711504519329164,0.0,2.5572273113676265,0.6931471805599453,1,1.0,0.0021053455028423175
6342,229200.0,796900.0,0,10,8.291571572226488,8.3654396361887,0.041185411886997224,0.0,3.2386784521643803,0.6931471805599453,1,1.0,0.010372203648882368
6346,265228.9,792347.6,0,10,6.584446028887205,6.849066282633458,0.15360855230030246,0.24609073973935813,3.292126286607793,1.0986122886681098,1,1.0,0.04206576313113782
6347,272500.0,797900.0,0,10,8.930500799901866,9.03884005381381,0.04604991053095923,0.07022742953101764,3.2268439945173775,1.0986122886681098,1,1.0,0.014150274852439904
6352,321200.0,791500.0,0,10,7.247223024583149,7.3031700512368,0.03496911301298851,0.0,3.4210000089583352,0.6931471805599453,1,1.0,0.008698731902836581
6353,333600.0,797015.0,0,10,7.406528564223954,7.7284157798410416,0.05095043872681488,0.2995227802890934,2.6602595372658615,1.0986122886681098,1,1.0,-0.005512989775005642
6354,341500.0,797940.0,0,10,7.9451302581790575,8.103796712981794,0.07149170505974949,0.08250755646976662,2.4159137783010487,1.0986122886681098,1,1.0,0.020320906168892094
6355,353950.0,799350.0,0,10,8.233450017973098,8.460834457746854,0.023418770857509177,0.27181992560626755,2.9444389791664403,1.0986122886681098,1,1.0,0.0009886848719942054
6356,367150.0,797585.0,0,10,8.462420165568945,8.781555458546402,0.064741412096995,0.4085802165275899,2.7212954278522306,1.0986122886681098,1,1.0,0.019669275960876205
6357,372972.825,796121.95,0,10,8.344461504477586,9.053335623166017,0.04564006297173104,0.8268027514798378,1.9021075263969205,1.410986973710262,3,1.0,0.01152252225963594
6358,380000.0,798400.0,0,10,8.256399692650122,8.661639795781266,0.17831933162416605,0.24269495874701952,2.388762789235098,1.0647107369924282,2,1.0,0.034703075625385306
6359,391553.3333333333,796820.0,0,10,10.09844422675564,10.724918003386323,0.0700960217524583,0.8464053710357641,2.8507065015037334,1.3862943611198906,2,1.0,0.022562286676121496
6406,69987.0,800378.0,0,5,6.434225439959843,6.53813982376767,0.14558472546919285,0.0,1.9600947840472698,0.6931471805599453,1,0.5,-0.04679961402380218
6407,70732.55,801021.65,0,10,6.395261598115449,6.53813982376767,0.16506785253385914,0.0,2.837322536806349,0.832909122935104,1,1.0,0.015769737508868634
6416,163710.0,803750.0,0,10,6.541174288923939,6.638567789166521,0.11314920396864357,0.0,0.33647223662121295,0.6931471805599453,1,1.0,0.033039541492077044
6422,220000.0,807250.0,1,10,6.9225453644547725,7.4673710669175595,0.2561215320116763,0.0,3.109060958860994,0.6931471805599453,1,1.0,0.047945676311392724
6423,233500.0,803430.0,0,10,7.9580173067092,8.042699496897637,0.04694572341166627,0.0,2.533696813957432,0.6931471805599453,1,1.0,0.012412216233872021
6427,275727.5,800747.85,0,10,7.949020900797694,8.046229101075378,0.11351944878813533,0.12174818513241933,1.916922612182061,0.832909122935104,2,1.0,-0.028244162081297226
6428,281713.35,804138.9,1,10,8.684274198793908,9.05005424204284,0.29269352115336067,0.6509828076807284,2.791165107812717,0.9932517730102833,2,1.0,0.07912151601061085
6432,329370.0,808000.0,0,10,6.547789210945191,6.618738983517219,0.09351153470121443,0.0,2.4069451083182885,0.6931471805599453,1,1.0,0.021060323342511265
6433,331350.0,804670.0,1,10,6.2183012702598095,7.216709486709457,0.4251254729991635,0.31422347646095183,3.0819099697950434,1.0986122886681098,1,1.0,-0.03450497790120144
6434,345367.25,804771.9,0,10,6.1369708286950395,6.621405651764134,0.05462518929612299,0.531834967368251,3.0007198150650303,1.6094379124341003,2,1.0,-0.0027175250829537894
6436,364202.85,802618.75,0,10,7.736099651452253,8.376090350438238,0.045394648228718054,0.5891234854337337,2.9391619220655967,1.6094379124341003,2,1.0,0.005973809384302807
6437,378800.0,808100.0,1,10,8.632591162844617,9.468851067127684,0.4601041225038973,0.0,2.379546134130174,0.6931471805599453,1,1.0,0.08290800206103385
6438,386881.42000000004,805052.52,0,10,9.550127109565226,10.240352569152035,0.018403084498831025,0.4525609404012199,2.91235066461494,2.3978952727983707,3,1.0,0.003482021737004668
6439,392846.68913043477,806024.1586956521,0,10,9.816160552620293,10.73400250738888,0.027598284415984935,0.5919963018549621,3.8918202981106265,3.8501476017100584,4,1.0,0.002919815855955217
6496,167200.0,810000.0,0,10,7.114850745874739,7.157735484249907,0.03043125855236435,0.0,2.4849066497880004,0.6931471805599453,1,1.0,0.0028944559088565094
6497,170200.0,813400.0,0,10,7.265849215674283,7.364547014255642,0.0772359995142909,0.0,2.5649493574615367,0.6931471805599453,1,1.0,0.02278238456190281
6502,221300.0,810265.0,0,10,7.3301102797585695,7.7336835707759,0.04674260065687442,0.5457623580786781,4.070734696582967,1.0986122886681098,1,1.0,0.012587917149918764
6504,242500.0,815200.0,0,10,7.937410409811269,8.0106915391303,0.033375275227041645,0.0,2.4159137783010487,0.6931471805599453,1,1.0,0.006198962220540329
6508,289000.0,811070.0,0,10,8.944067478761902,9.025936648977904,0.05712418004435194,0.0,1.8870696490323797,0.6931471805599453,1,1.0,0.016660674329738362
6509,291836.4333333333,817826.7,1,10,8.226840890408578,8.711772645605693,0.21351245178634778,0.13174989109016563,2.8273136219290276,1.3862943611198906,1,1.0,0.058687976313009003
6511,315020.0,819800.0,0,10,6.610157541742979,6.652863029353347,0.029386414813658692,0.0,2.0541237336955462,0.6931471805599453,1,1.0,0.0035467948089305964
6512,323040.0,812850.0,0,10,6.781398090105615,6.834108738813838,0.034322657111986773,0.0,3.0301337002713233,1.0986122886681098,1,1.0,-0.0064922770818488336
6514,346100.0,816950.0,0,10,6.665683717782408,6.75110146893676,0.08076664724578862,0.0,2.797281334830153,0.6931471805599453,1,1.0,-0.018599257884971764
6515,352725.0,815325.0,0,10,7.016475145696379,7.3537223303996315,0.0364946992363768,0.4837169883761699,3.1822118404966093,1.0986122886681098,1,1.0,0.005182679241124994
6516,362700.0,813360.0,0,10,8.279976070370669,8.329658067569396,0.02989258867570454,0.0,3.173878458937465,0.6931471805599453,1,1.0,0.006644518272425064
6517,376115.0,817269.5,1,10,9.089448759698096,10.23899503822049,0.33861264563928617,0.3745688585497513,1.791759469228055,1.0986122886681098,2,1.0,0.061503492425696
6518,386448.3333333333,812390.5555555555,0,10,9.654031396597187,10.218809110791327,0.04056533354180803,0.4142377535393035,2.9338568698359038,2.302585092994046,3,1.0,0.001759437954727153
6519,393830.45,812163.3375,0,10,9.573397158568028,10.462560335928407,0.0333026118480945,0.6696535835818446,2.9856819377004893,2.1972245773362196,4,1.0,0.006581807199843422
6567,77100.0,820500.0,0,10,6.959778307049289,7.062191632286556,0.05975699419966162,0.0,1.7404661748405046,0.6931471805599453,1,1.0,0.017806341637584235
6576,164575.125,824279.25,0,10,8.04670144305975,8.684570300824369,0.06274752621892711,0.6383319003044182,3.655839600035736,1.6094379124341003,2,1.0,0.01770109035979827
6577,177950.0,827505.0,1,10,8.139542646802663,8.549660381553739,0.1975431906513909,0.0705787229236112,2.5095992623783716,1.0986122886681098,1,1.0,0.05239341626459031
6579,190000.0,823900.0,0,10,7.697166729512147,7.773594467360194,0.04262284263424816,0.0,2.884800712846709,0.6931471805599453,1,1.0,0.01090639253376045
6585,251300.0,826100.0,0,10,8.123765343918576,8.227375506834035,0.05265145355081004,0.0,3.068052935133617,0.6931471805599453,1,1.0,0.014194184858637375
6588,289895.0,823163.0,0,10,7.746819334442237,7.819636302367592,0.049828286153048455,0.0,1.5260563034950492,0.6931471805599453,1,1.0,0.015599536782313631
6589,293724.8083333333,823159.4833333334,0,10,8.16015389539506,9.00601857490256,0.08307750684964536,0.891067132705909,3.1232455938529506,1.5260563034950492,2,1.0,0.01520396627215996
6590,302082.14285714284,825384.2857142857,0,10,8.189605371228554,8.821879862683842,0.050177252843944906,0.5226391156691421,3.7256934272366524,2.0794415416798357,3,1.0,0.0010298855481094338
6591,310000.0,820200.0,0,10,6.73268735089949,6.838405200847344,0.11287876217679835,0.0,2.631888840136646,0.6931471805599453,1,1.0,0.03357043719639109
6592,321813.6,829695.0,1,10,6.19766537769188,6.738152494595957,0.27437135600963314,0.0,0.0,0.6931471805599453,1,1.0,-0.003384847249501264
6594,346485.0,825700.0,0,10,6.490495890991261,7.148345743900068,0.05062708771025229,1.1510356903497532,2.9806186357439426,1.0986122886681098,1,1.0,-0.0012206890674628294
6595,352920.0,825260.0,0,10,6.7566998040621815,7.363913501405819,0.11414743136820202,0.9230697729286639,1.840549633397487,1.0986122886681098,2,1.0,0.0365555884885177
6596,366117.0,826950.45,0,10,8.461321008849605,9.021235862885396,0.06070099539796042,0.7824086653924035,2.2925347571405443,1.0986122886681098,2,1.0,0.01634093136642123
6597,373757.8,822872.65,0,10,9.510807861534362,9.86110183603969,0.045274680494105796,0.5091355674337736,2.5952547069568657,1.0986122886681098,1,1.0,0.011207536677956329
6598,383932.8,824721.6,0,10,8.468153496116502,9.160834952072344,0.024262867420836862,0.6988033335975252,2.9796028916241073,1.824549292051046,3,1.0,0.0049544583918127655
6599,395653.3333333333,825346.6666666666,0,10,8.972527246677537,9.77820773610937,0.03290536248377827,0.9640368150933654,3.339321977944068,1.3862943611198906,2,1.0,0.007349101545105371
6600,400000.0,825590.0,0,10,7.936517185749166,8.161375023197486,0.19940308490099645,0.0,1.8870696490323797,0.6931471805599453,1,1.0,-0.05319879767423199
6647,75500.0,830000.0,0,10,6.736492349544916,6.807934943699926,0.04457936749295672,0.0,3.039749158970765,0.6931471805599453,1,1.0,0.013754464800091987
6654,141000.0,832045.0,0,10,6.779751438397771,7.136483208590247,0.034521104990051774,0.49107836608290334,3.0204248861443626,1.0986122886681098,1,1.0,0.006982265046780934
6659,190000.0,838330.0,0,10,7.338855644682132,7.633369649679584,0.08401113808414351,0.2740898737857153,3.3843902633457743,1.0986122886681098,1,1.0,0.025498326678469192
6663,236490.0,834000.0,1,10,6.303717273493968,6.48768401848461,0.20342868456796737,0.0,3.299533727885655,0.6931471805599453,1,1.0,0.06085043988269747
6664,246650.0,830480.0,0,10,7.363438103250919,7.8628820346414905,0.1383466000502731,0.6699845990288608,3.044522437723423,1.0986122886681098,1,1.0,0.041869608055174735
6665,251440.0,839800.0,0,10,6.9954913932862235,7.077498053569231,0.047454012244347935,0.0,2.954910279033736,0.6931471805599453,1,1.0,0.013208087105583872
6666,260000.0,838400.0,0,10,8.446169688162861,8.800415333145924,0.15287952689997136,0.0,3.109060958860994,0.6931471805599453,1,1.0,0.0323062244801
6667,275000.0,834740.0,0,10,9.235364636880918,9.301003406873425,0.053454126743528306,0.0,3.3068867021909143,0.6931471805599453,1,1.0,0.01049037446368828
6669,298000.0,839710.0,0,10,5.939118066735773,6.0014148779611505,0.043136007367915896,0.0,1.5040773967762742,0.6931471805599453,1,1.0,0.013478685427972073
6670,300530.0,838900.0,0,10,6.358621858561096,6.814542897259958,0.07093486390297787,0.5780513045937216,0.4054651081081644,1.0986122886681098,1,1.0,0.016553776116617035
6671,318000.0,836000.0,1,10,7.88912188759248,8.496786381638575,0.29656110834116717,0.0,1.4816045409242156,0.6931471805599453,1,1.0,0.05994253206581188
6673,333600.0,838280.0,0,10,6.974104659523671,7.7057128238944275,0.06490143099334489,1.079778717987004,3.054001181677967,1.0986122886681098,1,1.0,-0.004842353849473252
6675,352914.0,838562.0,0,10,8.603224087891906,9.35979432514452,0.04051237294684745,0.7164691907710417,2.617395832834079,1.791759469228055,2,1.0,0.0033759273287923964
6676,363300.0,834360.0,0,10,8.976274892961415,9.059052257762401,0.04570735344266087,0.0,2.7013612129514133,0.6931471805599453,1,1.0,0.01361857346994014
6677,373898.6666666667,833034.6666666666,0,10,8.14045158532719,8.630878955820053,0.09177881578869403,0.4472235349009656,3.458207636378935,1.3862943611198906,2,1.0,0.026489379624949454
6679,396770.9333333333,830375.6416666666,0,10,9.093469420244768,9.533944453604027,0.05144221031514627,0.17682789260928697,1.8164520818184267,1.4586150226995167,2,1.0,0.0012158455054133925
6680,402695.0,836147.5,0,10,8.77688079991106,9.586170674954657,0.11715772378200688,0.7315295882145659,3.4787755163075302,1.6094379124341003,3,1.0,0.026219341506788573
6681,410570.15,837892.15,1,10,7.680822082717956,9.164505835632383,0.5761695795884995,0.09496565346212052,2.8112082932048366,0.7419373447293773,2,1.0,0.10271179514737298
6727,79900.0,846600.0,0,10,7.394370174033069,7.506042178518122,0.09369445584395758,0.0,2.451005098112319,0.6931471805599453,1,1.0,0.029635759737863015
6732,126250.0,847287.5,0,10,6.909803180599437,7.446585099157725,0.11643821535525295,0.255528310089486,2.0918640616783932,1.6094379124341003,1,1.0,-0.014787503424435718
6733,131700.0,840630.0,0,10,6.597691255637225,6.709304340258298,0.09081123648470164,0.0,2.6390573296152584,0.6931471805599453,1,1.0,0.02720818231468092
6734,146783.33333333334,843300.0,0,10,7.9452956235779055,8.20303024171486,0.0675222573627503,0.23623589294064926,3.0819099697950434,1.3862943611198906,1,1.0,0.004441016894051967
6738,183760.0,842100.0,0,10,6.582440565056801,6.648984550024776,0.039278481314974766,0.0,3.169685580677429,0.6931471805599453,1,1.0,0.010158426074133581
6745,254275.0,846667.5,0,10,8.470730317005897,8.855235623206967,0.06993607845131801,0.2459874441911621,3.086486636822455,1.6094379124341003,1,1.0,0.022298635982625624
6746,265448.9090909091,846241.0181818182,0,10,9.878745802374889,10.56429231017482,0.0232343352694535,0.5680765678692757,3.1822118404966093,2.4849066497880004,4,1.0,-0.0003266209425584388
6747,270886.6666666667,845120.0,0,10,9.377458044361196,9.829518032335953,0.0782006466484654,0.3014581503739916,2.8154087194227095,1.3862943611198906,2,1.0,0.020167261636441086
6749,296500.0,844350.0,1,10,6.961106454479132,7.504942068396171,0.25090944697718226,0.5810548424973344,3.005682604407159,1.0986122886681098,1,1.0,0.06453987588927908
6752,326797.52,844251.4800000001,0,10,7.961202823695855,8.836664586357426,0.16623664890172749,0.7673258142731947,3.0587070727153796,1.791759469228055,4,1.0,0.03809074375475378
6753,333283.3333333333,843100.0,0,10,7.498149651967252,8.240648863374913,0.10223186005649967,0.7570966192203646,3.242592351485517,1.3862943611198906,2,1.0,0.0323162881237946
6754,345980.0,844503.3333333334,0,10,8.535072401503474,8.970813341411448,0.08862186938245714,0.6587248974125195,3.391147045808654,1.3862943611198906,2,1.0,0.02877473945618226
6755,353486.25,840586.25,0,10,8.173512032844354,9.058004710672485,0.051794247424239916,0.9088147646329652,2.4932054526026954,1.6094379124341003,3,1.0,0.01106665102264285
6756,360435.0,848200.0,1,10,7.83727807962501,7.99598047476376,0.17939641110682983,0.0,1.6486586255873816,1.0986122886681098,1,1.0,0.05118595025004262
6757,374800.0,845800.0,0,10,8.6447417223629,8.728749873478527,0.05156527772556678,0.0,2.7536607123542622,0.6931471805599453,1,1.0,0.01591773489223815
6758,388910.9,847167.2333333332,0,10,7.575242712761504,7.953669778649798,0.05874054940766732,0.3390540654571303,1.9600947840472698,1.3862943611198906,2,1.0,0.012873992275189932
6759,392360.0,844840.0,0,10,7.394815734947849,7.77779262633883,0.08014334110900506,0.3256350995593627,3.4691675081014224,1.6094379124341003,1,1.0,0.025215497064991814
6761,411294.25,845632.875,0,10,8.913372916063226,9.303375237943373,0.025332465407999456,0.2537391518485416,3.436242723404956,2.2925347571405443,2,1.0,0.0018490194284696082
6808,80650.0,853025.0,0,10,7.111512116496157,7.2399325913204695,0.06377252600727894,0.07444880169898414,3.068052935133617,1.0986122886681098,1,1.0,0.0057588126159548916
6812,127700.0,850000.0,0,10,7.010672812988823,7.277247726631484,0.24450796955334078,0.0,1.33500106673234,0.6931471805599453,1,1.0,-0.06444798353774316
6813,134480.0,851100.0,0,10,7.128656317743567,7.198183577101943,0.04048375555767514,0.0,3.1484533605716547,0.6931471805599453,1,1.0,0.011185519129669141
6814,141380.0,852800.0,0,10,7.233094342611016,7.309212365692763,0.04218802534510699,0.0,2.9652730660692823,0.6931471805599453,1,1.0,0.01066684189199527
6815,151270.0,856200.0,0,10,6.773880970425809,6.81783057145415,0.028072400170524446,0.0,3.4339872044851463,0.6931471805599453,1,1.0,0.005334332219990708
6820,204900.0,858270.0,0,10,6.378595948527642,6.738152494595957,0.15574072502082573,0.5638980059077707,3.7376696182833684,1.0986122886681098,1,1.0,-0.035862793897141865
6821,214000.0,855750.0,0,10,6.841294912281867,6.937314081223682,0.06012004589487921,0.0,3.4111477125153233,0.6931471805599453,1,1.0,0.01875824685282237
6824,244700.0,856990.0,0,10,8.188105620905786,8.331827004436057,0.05779867323022996,0.08419597052410698,2.6878474937846906,1.0986122886681098,1,1.0,0.015705443323669795
6825,252771.83333333334,855842.9472222222,0,10,8.713310353444944,9.575261224768767,0.05549195117027703,0.6935285984793466,3.662535478774334,2.2082744135228043,2,1.0,0.00798958901391005
6826,260850.75,854014.15,0,10,9.148712278100026,10.184031710581442,0.04969471227224146,0.9506314899968004,3.719408659148759,1.7749523509116738,3,1.0,0.012015359859413603
6828,285127.1,853723.6833333333,0,10,8.795175876525894,9.508888197738269,0.04375214436950527,0.9110259246108494,3.044522437723423,1.9459101490553132,4,1.0,0.008492796088199823
6829,292726.23333333334,856271.4333333333,0,10,9.440773291177202,9.685082755569091,0.04749840646407948,0.276433376377283,2.21046980408624,1.1314021114911006,1,1.0,-0.009932251440696314
6830,301826.1666666666,855466.0,0,10,8.758735771063225,9.414586486185929,0.06698680624081854,0.8935890602411541,3.4959013171314526,1.589235205116581,2,1.0,-0.006721593282072689
6832,323700.0,855300.0,0,10,8.475266420188202,8.629807335785372,0.16297233321227822,0.0,2.6741486494265287,0.6931471805599453,1,1.0,0.0348550907409398
6833,336324.8,856925.0,0,10,9.192125483555278,9.612600349135398,0.032333212426817415,0.5324219769506838,2.5416019934645457,1.0986122886681098,1,1.0,-0.0003296189475344878
6834,341220.0,850550.0,0,10,8.944211028485814,9.608042089466514,0.09639757286632057,1.0977037857752148,2.2823823856765264,1.0986122886681098,1,1.0,-0.00026655150376135903
6835,356236.6666666667,855933.3333333334,0,10,6.939092434291177,7.160069207596127,0.05437291773091515,0.03111133542087584,3.288401887516811,1.3862943611198906,1,1.0,-0.0034394061879919045
6836,362065.0,853000.0,0,10,7.590094260825479,7.99598047476376,0.12225524762959993,0.38344163690530475,2.302585092994046,1.0986122886681098,1,1.0,0.03645251503658601
6837,373065.0,851955.0,0,10,8.06377132176218,8.197538739721184,0.058559822024779225,0.13799181726889467,2.89591193827178,1.0986122886681098,2,1.0,-0.013689671210332252
6838,389500.0,859600.0,0,10,7.701833178120523,7.947678571301568,0.10324001164013363,0.0,2.8390784635086144,0.6931471805599453,1,1.0,0.023881758710373856
6839,393005.0,854587.5,0,10,7.514595379931363,8.06211758275474,0.03976155711957896,0.4537410181877791,3.1654750481410856,1.6094379124341003,1,1.0,0.011313076225476521
6840,405806.5,851493.8666666668,0,10,8.172032653913583,8.68929604801586,0.04218257899548163,0.746928081475237,3.4242626545931514,1.3862943611198906,3,1.0,0.011560047007280897
6887,74900.0,868400.0,0,10,6.55250788703459,6.674561391814426,0.10713756600691748,0.0,3.5380565643793527,0.6931471805599453,1,1.0,0.03231168831168765
6888,81555.0,864350.0,0,10,6.7621513051233455,6.921658184151129,0.10444906890201576,0.0792426313309695,2.580216829592325,1.0986122886681098,1,1.0,0.03375269779438851
6889,91200.0,869000.0,0,10,6.6689903467649705,6.7357800142423265,0.03987083380054673,0.0,0.9162907318741551,0.6931471805599453,1,1.0,0.011588039047993078
6893,138845.0,865000.0,0,10,6.8841283483509805,7.260522598089852,0.03784336286958141,0.4532246473759611,3.214867803470662,1.0986122886681098,2,1.0,0.0047738182315127204
6902,225300.0,861600.0,0,10,7.2560855023853055,7.344072850573066,0.05104977851685525,0.0,3.2386784521643803,0.6931471805599453,1,1.0,0.014611039404427545
6905,255700.0,860000.0,0,10,8.535524148100961,8.622813673279921,0.05831089016734624,0.0,1.791759469228055,0.6931471805599453,1,1.0,0.018053856843996994
6906,262550.0,866820.0,0,10,9.42137895286763,9.622714888385282,0.048796908105836305,0.11162249025732543,2.4932054526026954,1.0986122886681098,1,1.0,0.010956462246486885
6907,278500.0,866750.0,0,10,6.785700632974831,6.843749949006225,0.03379617830422562,0.0,2.5257286443082556,0.6931471805599453,1,1.0,0.0081233097860174
6910,306600.0,860000.0,0,10,9.23824732522919,9.293669979563187,0.027182030603871435,0.0,2.8273136219290276,0.6931471805599453,1,1.0,0.006200892409801048
6911,311850.0,865200.0,0,10,8.226519983308428,8.317766166719343,0.05623185081287726,0.0,0.0,0.6931471805599453,1,1.0,-0.00672571939092388
6912,321998.2,863475.8,0,10,9.656636007901527,10.168808978749206,0.02821020306570748,0.4828686534569517,2.928523523860541,2.302585092994046,3,1.0,-0.001115084072218957
6913,336513.3333333333,860966.6666666666,0,10,8.91542330103955,9.605351022180487,0.030396484564289394,0.8931894359866541,2.928523523860541,1.3862943611198906,2,1.0,0.005414027084245537
6914,343458.3333333333,865293.3333333334,0,10,8.418881845949448,9.027738775974909,0.04287303015444482,0.5463931657509103,3.3214324131932926,1.9459101490553132,2,1.0,-0.002795659370976759
6915,355070.0,866168.0,0,10,8.347490876010658,8.797548488481558,0.04675241699404369,0.559362619878234,2.517696472610991,1.791759469228055,2,1.0,0.014122517457762785
6916,367209.0,863567.8888888888,0,10,8.546948306641712,9.37475250822657,0.02749019199549836,0.7721745155991784,3.250374491927572,2.302585092994046,3,1.0,0.004658745791990125
6917,371500.0,863326.6666666666,0,10,8.539130792934138,9.286653054825347,0.07982771396970831,0.6435013649126837,3.269568939183719,1.3862943611198906,1,1.0,-0.015647581314228484
6918,385110.0,861810.0,1,10,4.368181227851829,5.159055299214529,0.4966007279768058,0.0,0.0,0.6931471805599453,1,1.0,-0.03073092931885791
6919,399131.8857142857,865922.7142857143,0,10,8.472363175498444,9.090768236835338,0.02572602170164408,0.5725425942779858,2.2925347571405443,2.0794415416798357,3,1.0,0.0010683487816421425
6920,400000.0,862160.0,0,10,8.950779175241056,9.045111892608405,0.055652489204884754,0.0,2.0149030205422647,0.6931471805599453,1,1.0,0.016948386744442514
6968,89250.85,873897.85,0,10,6.270042805310292,6.964135612418245,0.2590428819957373,0.28981801547257063,2.0794415416798357,1.0986122886681098,2,1.0,-0.039339365216141196
6978,180735.0,876150.0,0,10,7.169850276431287,7.734121303328305,0.16897455877834813,0.13891605458301873,2.631888840136646,1.0986122886681098,1,1.0,-0.01623830807983727
6979,191800.0,870280.0,0,10,6.368015645051504,6.447305862541213,0.04534785721051518,0.0,3.295836866004329,0.6931471805599453,1,1.0,0.012383675212339693
6983,235100.0,870400.0,0,10,7.493929533537976,7.570443252057374,0.037202221201065026,0.0,3.456316680883235,0.6931471805599453,1,1.0,0.003283207893195906
6986,264118.7,873174.3,0,10,7.487173694213739,7.616283561580385,0.06989240762680883,0.0,0.0,0.6931471805599453,1,1.0,-0.0025003397200703864
6987,275766.6666666667,875003.3333333334,0,10,9.111742125734633,9.359449794564023,0.024193080840557987,0.18820817965972209,2.9391619220655967,1.3862943611198906,1,1.0,0.006378975069418862
7061,217985.4,886377.5,0,10,7.472330178742318,7.545389749611823,0.0420697509923656,0.0,3.0155349008501706,0.6931471805599453,1,1.0,0.011568147768864374
7067,275780.2,884858.0,0,10,8.415462192198651,9.01322999770879,0.06353259432681906,0.6208863580014892,3.822098297900159,2.1972245773362196,3,1.0,0.017994293387464645
7130,100800.0,893000.0,0,10,6.386710955021814,6.467698726104354,0.048522522147647226,0.0,3.493472657771326,0.6931471805599453,1,1.0,0.014668527065221065
7138,188940.0,890000.0,0,10,6.621938133139868,7.028201432058005,0.17935227799437434,0.0,2.70805020110221,0.6931471805599453,1,1.0,-0.02340569877883479
7140,201900.0,891650.0,0,10,6.573121351634565,6.630683385642372,0.034808150320884454,0.0,3.856510295497887,0.6931471805599453,1,1.0,0.008599852428567584
7141,213000.0,894000.0,0,10,7.96346006663897,8.081165777725433,0.15975198055783682,0.0,0.33647223662121295,0.6931471805599453,1,1.0,-0.041308314611481656
7145,254100.0,899100.0,1,10,5.802118375377063,6.345636360828596,0.25609995115408435,0.0,2.5416019934645457,0.6931471805599453,1,1.0,0.04984389348025704
7146,260225.0,891572.5,0,10,7.4138497283722264,7.610357618312838,0.05945668494315945,0.04640042803214907,2.653241964607215,1.0986122886681098,1,1.0,0.012034934944814887
7147,277432.025,891609.025,0,10,8.463824059758032,8.934455109403913,0.06666979915948913,0.39941414660929003,2.790551422613954,1.410986973710262,2,1.0,0.020691815233030143
7148,280000.0,898700.0,1,9,9.099743950634156,9.205629292246064,0.2055969396012497,0.0,2.066862759472976,0.6931471805599453,1,0.9,0.04408512064342743
7211,115200.0,900100.0,0,10,7.162552524098142,7.4798641311650265,0.1422295227597108,0.0,1.791759469228055,0.6931471805599453,1,1.0,-0.008668753937138897
7221,213800.0,900000.0,0,10,7.0997796112374765,7.335633981927201,0.168196351030398,0.0,2.740840023925201,0.6931471805599453,1,1.0,-0.03818977751413539
7223,238700.0,900900.0,0,10,5.5579856925446185,5.808142489980444,0.17010046370608162,0.0,3.427514689979529,0.6931471805599453,1,1.0,-0.012834500639380225
7225,256970.0,904325.0,0,10,6.903948040639183,7.597396320212795,0.03900244356174451,0.6708593634694646,3.3214324131932926,1.6094379124341003,1,1.0,0.007928968137971032
7227,270000.0,903770.0,0,10,6.793241892193376,6.946013991099227,0.1338896316789892,0.0,3.1570004211501135,0.6931471805599453,1,1.0,-0.030670422228572258
7229,290000.0,903500.0,0,10,8.349507998555271,8.465268118551318,0.0711418556732376,0.0,2.1400661634962708,0.6931471805599453,1,1.0,0.01950043836916601
7292,120000.0,912100.0,0,10,6.703556143668865,6.741700694652055,0.027569927279126414,0.0,3.3638415951183864,0.6931471805599453,1,1.0,0.0016448408932751189
7302,221300.0,911200.0,0,10,6.426326632066933,6.654152520183219,0.20842612791584084,0.0,2.580216829592325,0.6931471805599453,1,1.0,-0.05357186715591625
7309,297600.0,911900.0,0,10,7.898299686680433,7.984462732262196,0.047957587423139596,0.0,2.9806186357439426,0.6931471805599453,1,1.0,0.012863336339206345
7310,306600.0,919900.0,0,10,7.600352308236602,7.688455356549944,0.049090333352365546,0.0,3.4531571205928664,0.6931471805599453,1,1.0,0.013453520135535968
7373,133319.79166666666,924419.15,0,10,7.110954592973941,7.889084407035514,0.1481892521147367,0.689644518989662,3.0823685802135374,1.3609765531356006,2,1.0,-0.031644120591697626
7380,209670.0,923200.0,0,10,6.6492435838301365,6.962243464266207,0.13536748210270538,0.0,1.0986122886681098,0.6931471805599453,1,1.0,-0.011190745630578884
7382,222833.33333333334,924233.3333333334,0,10,6.4582860353759175,6.836259277277067,0.049937666792061054,0.3577516660010457,3.6109179126442243,1.3862943611198906,1,1.0,0.01543616604582623
7384,240120.0,929220.0,0,10,4.749270529961848,5.342334251964811,0.42438285981629076,0.0,4.034240638152395,0.6931471805599453,1,1.0,-0.0915177980680187
7385,252400.0,924700.0,0,10,5.676753802268282,5.755742213586912,0.04495169958842735,0.0,3.4339872044851463,0.6931471805599453,1,1.0,0.012287826720816204
7389,290500.0,922300.0,0,10,5.671603576291966,5.739792912179234,0.0397278330433762,0.0,3.342861804649192,0.6931471805599453,1,1.0,0.010195216412832763
7452,121138.9,935883.4,1,10,6.419017251680151,7.081708586105575,0.48330204612578676,0.0,2.8320361808832013,0.6931471805599453,1,1.0,0.11402727470656719
7453,138543.4,932283.05,1,10,7.455443067480694,8.87066300440602,1.2151083974735661,0.26579083775056045,2.9590682891823996,0.9932517730102833,1,1.0,0.2534688706828088
7454,142063.3333333333,934563.8333333334,1,10,9.15464336035587,9.801288700215881,0.20636190917347577,0.5309789087002906,2.8970163006148333,1.7749523509116738,2,1.0,0.050365364778246914
7455,150685.0,932680.0,0,10,7.259151313966459,7.696667081526462,0.055264279496485505,0.722910013969925,2.8678989020441064,1.0986122886681098,2,1.0,0.015989620510587985
7462,223000.0,933150.0,0,10,6.576469569048224,6.620073206530356,0.029092492509831733,0.0,1.791759469228055,0.6931471805599453,1,1.0,0.007151007987827981
7468,287300.0,935700.0,0,10,4.986342601527212,5.54907608489522,0.2816767726020451,0.0,3.517497837358316,0.6931471805599453,1,1.0,-0.03993164103205204
7473,330000.0,938000.0,0,10,7.575071699507561,7.690743163541872,0.05648787327711238,0.0,3.32862668882732,0.6931471805599453,1,1.0,0.015238628585650916
7533,130860.8,947479.8,1,10,7.124760026336937,7.948031990637284,0.2804595317722167,0.1067473603759413,3.1441522786722644,0.7884573603642702,1,1.0,0.06562015205830266
7534,149860.0,943130.0,1,10,6.897401866902645,7.814803429489359,0.765444229963326,0.0,0.0,0.6931471805599453,1,1.0,-0.10941211446925553
7541,215600.0,943660.0,0,10,6.168145224011851,6.236369590203704,0.04008129140200223,0.0,2.7013612129514133,0.6931471805599453,1,1.0,0.010370342094045413
7542,220000.0,946500.0,0,10,6.679850410566217,6.738152494595957,0.05839368886224523,0.0,2.424802725718295,0.6931471805599453,1,1.0,0.014175964880190418
7546,261700.0,947900.0,0,10,5.071416766356115,5.1298987149230735,0.03434714774933192,0.0,3.258096538021482,0.6931471805599453,1,1.0,0.007805325987143943
7547,271391.9,947446.6,0,10,4.9856593080260785,5.308267697401205,0.20990864951639696,0.0,0.0,0.6931471805599453,1,1.0,0.008717595778850364
7551,317960.0,943000.0,0,10,6.803949110256548,6.9167150203536085,0.0646519736113497,0.0,3.0587070727153796,0.6931471805599453,1,1.0,0.01922377933039831
7613,136560.0,950900.0,0,10,7.305053797757241,7.448333860897476,0.14888981340840565,0.0,3.2188758248682006,0.6931471805599453,1,1.0,0.045246655416146614
7622,225400.0,952230.0,0,10,6.569200876156599,6.946013991099227,0.36504581153099497,0.0,2.1400661634962708,0.6931471805599453,1,1.0,-0.09902338927345915
7623,230000.0,956200.0,0,10,6.064947323867785,6.104793232414985,0.02720214539126409,0.0,3.1441522786722644,0.6931471805599453,1,1.0,0.00472713161886599
7631,316700.0,959320.0,0,10,7.272884385567427,7.520776415062797,0.15729408865658726,0.0,2.163323025660538,0.6931471805599453,1,1.0,0.04155326972580491
7632,320600.0,956300.0,0,10,7.498315870766981,7.542213463193403,0.025746730891870444,0.0,2.4336133554004498,0.6931471805599453,1,1.0,0.005993415306053777
7633,335308.3333333333,951411.6666666666,0,10,8.325633090388905,9.105757331783742,0.040023287551275724,0.6772122301156601,2.995732273553991,1.9459101490553132,2,1.0,0.0015680078432203928
7695,153300.0,963600.0,0,10,6.174202683787152,6.248042874508429,0.04287764017521075,0.0,0.7884573603642702,0.6931471805599453,1,1.0,0.0118126169879089
7704,244345.0,963809.0,1,10,5.992713766508414,6.315358001522335,0.26472157986562983,0.3664133383365848,3.903990833730882,1.0647107369924282,2,1.0,0.07451738916069355
7706,261200.0,960020.0,0,10,6.166467723094256,6.2422232654551655,0.044933460818552116,0.0,2.772588722239781,0.6931471805599453,1,1.0,0.012146703629353169
7707,270800.0,960000.0,0,10,6.54059700502856,6.647688373563329,0.14536599112007736,0.0,1.7047480922384253,0.6931471805599453,1,1.0,0.03326893337013414
7708,284200.0,965100.0,0,10,6.50413846173159,6.590301048196686,0.061733757324418215,0.0,3.2228678461377385,0.6931471805599453,1,1.0,0.018075491759701894
7710,304700.0,968970.0,0,10,7.755938461641614,7.804659297056102,0.029889717959387413,0.0,3.2068032436339315,0.6931471805599453,1,1.0,0.00691112634224336
7711,312950.0,967330.0,0,10,8.510196773463406,9.532061486651386,0.07656531430081503,0.7009239133418429,3.086486636822455,1.791759469228055,2,1.0,-0.00732404318926911
7713,336900.0,967900.0,0,10,6.741936794287197,6.792344427470809,0.030845558068594438,0.0,3.0819099697950434,0.6931471805599453,1,1.0,0.0070761980475994146
7793,336880.0,973150.0,0,10,6.615127664137342,6.784457062637643,0.14791858298907865,0.11444346088707429,3.186352633162641,1.0986122886681098,1,1.0,0.04607459270011223
7954,346020.0,994030.0,0,10,6.922397555719007,7.443078374348516,0.08831170347569493,0.7405041965885305,3.1441522786722644,1.0986122886681098,1,1.0,0.023444307439375534
8032,325360.0,1009000.0,0,10,6.395094639270416,6.47543271670409,0.06518516139096672,0.0,1.3609765531356006,0.6931471805599453,1,1.0,-0.011383275808765116
8034,344808.4,1006658.65,0,10,7.520126149514795,8.379539026117442,0.06414214426665092,0.8558627083788691,3.56953269648137,1.6094379124341003,2,1.0,0.020119844721211217
8035,353195.0,1004225.0,0,10,6.7194961295214295,6.99117688712121,0.06821384510946728,0.3026568360874896,2.747270914255491,1.0986122886681098,1,1.0,0.021447249873645845
8112,326320.0,1014217.5,0,10,6.614256321208791,6.925595197110468,0.061112409773374204,0.29894637364580456,2.6026896854443837,1.6094379124341003,1,1.0,0.018719390236209978
8113,333540.0,1013371.6666666666,0,10,7.813975472778525,8.410943391573527,0.03734704414671757,0.6033366583582493,3.353406717825807,1.9459101490553132,2,1.0,0.006681744994968608
8114,344789.44444444444,1010663.3333333334,0,10,8.519772085430873,9.313077449427295,0.030462111410047607,0.6279177827356128,1.9315214116032138,2.302585092994046,2,1.0,0.003700276029305404
8192,326336.0,1024562.0,0,10,6.150133575236708,6.586171654854675,0.036126028267423574,0.2808470556791006,2.8154087194227095,1.791759469228055,1,1.0,0.008082017317127592
8193,333280.0,1025214.6666666666,0,10,5.751513877477391,6.630683385642372,0.08409884377232228,0.8072043600578331,3.3638415951183864,1.3862943611198906,2,1.0,-0.015199819663156939
8923,439380.0,1115740.0,0,10,7.222675501879777,7.302496423727326,0.03577539671064548,0.03159225661156108,2.797281334830153,1.0986122886681098,1,1.0,0.009554700494334396
9004,443050.0,1127498.0,0,10,7.549293325808852,8.012018239159062,0.05019820016274273,0.7005986282396504,3.095577608523707,1.0986122886681098,2,1.0,0.013558467098289846
9163,439300.0,1146640.0,0,10,7.670754961440916,7.70210434005105,0.028482269477521863,0.0,2.4765384001174837,0.6931471805599453,1,1.0,-0.002219329084095575
9164,444501.6666666667,1141633.3333333333,0,10,8.787778696885752,9.64251232291291,0.03584262496089239,0.42820902242470654,3.1135153092103742,2.5649493574615367,1,1.0,0.007800134473914165
9242,423250.0,1152690.0,0,10,5.97317327713573,6.416732282512326,0.04152033391555006,0.6818049862886484,2.7536607123542622,1.0986122886681098,1,1.0,0.00990891686488336
9243,432195.475,1152793.475,0,10,6.872853226972873,7.416979621381154,0.04077842576912235,0.4375924686691771,2.8791984572980396,1.6094379124341003,2,1.0,0.011553285524468083
9244,442210.0,1152385.0,0,10,7.9614573666792525,8.045267716607803,0.042085523345462984,0.03214746028910166,2.4423470353692043,1.0986122886681098,1,1.0,0.012573551365076143
9324,440872.0,1163596.0,0,10,7.745383683352856,8.177234885510194,0.05888374498249437,0.35298927582839335,3.4372078191851885,1.791759469228055,1,1.0,0.018715913879298718
9403,431820.0,1174425.0,0,10,6.394008726788483,6.744059186311348,0.0412329422354453,0.43381537953590515,2.9391619220655967,1.0986122886681098,1,1.0,0.009868462777629509
9404,445017.5,1177409.65,0,10,5.909576387635298,6.400257445308821,0.03925159334481825,0.7304198411936127,1.4350845252893227,1.0986122886681098,2,1.0,-0.0014428051429819968
9483,436220.0,1185000.0,0,10,5.363168338867653,5.43372200355424,0.05562732763744607,0.0,2.8449093838194073,0.6931471805599453,1,1.0,0.01694915254237292
9484,446240.0,1180000.0,0,10,6.205970905026528,6.315358001522335,0.10264502731097255,0.0,2.8507065015037334,0.6931471805599453,1,1.0,0.030762445559292296
9565,450900.0,1194000.0,0,10,6.293234418877382,6.400257445308821,0.07028286991788966,0.0,2.7013612129514133,0.6931471805599453,1,1.0,0.022506973794248965
9646,460000.0,1205400.0,0,10,6.116554157946804,6.192362489474872,0.04289733056765305,0.0,2.8622008809294686,0.6931471805599453,1,1.0,0.011376198420195565
